key14,acceptor_label,series,n_comparable,y18_active_n,m25_active_n,agreement_n,delta_m25_minus_y18,agreement_fraction
FXNFHKRTJBSTCS,Baicalein,Flavonoids,39,24,7,20,-17,0.5128205128205128
ILEDWLMCKZNDJK,Esculetin,Coumarins,39,36,31,28,-5,0.717948717948718
IXORZMNAPKEEDV,Gibberellin A3,Diterpenoids,39,0,0,39,0,1.0
IYRMWMYZSQPJKC,Kaempferol,Flavonoids,39,35,25,25,-10,0.6410256410256411
KSEBMYQBYZTDHS,Ferulic acid,Phenylpropanoids,39,9,1,31,-8,0.7948717948717948
KZJWDPNRJALLNS,β-Sitosterol,Steroids,34,0,8,26,8,0.7647058823529411
ORHBXUUXSCNDEV,Umbelliferone,Coumarins,39,15,28,18,13,0.46153846153846156
PCMORTLOPMLEFB,Sinapic acid,Phenylpropanoids,39,12,0,27,-12,0.6923076923076923
PQEYTAGBXNEUQL,Dihydrojasmonic acid,Octadecanoids,39,4,0,35,-4,0.8974358974358975
QAIPRVGONGVQAS,Caffeic acid,Phenylpropanoids,39,17,0,22,-17,0.5641025641025641
QANMHLXAZMSUEX,Kinetin,Pseudoalkaloids,39,0,0,39,0,1.0
REFJWTPEDVJJIY,Quercetin,Flavonoids,39,29,27,29,-2,0.7435897435897436
RODXRVNMMDRFIK,Scopoletin,Coumarins,38,36,28,26,-8,0.6842105263157895
TZBJGXHYKVUXJN,Genistein,Isoflavonoids,38,18,31,21,13,0.5526315789473685
XHEFDIBZLJXQHF,Fisetin,Flavonoids,39,32,23,24,-9,0.6153846153846154
