enzyme_id,n_comparable,y18_active_n,m25_active_n,agreement_n,delta_m25_minus_y18,agreement_fraction,coverage_flag
UGT71B1,15,9,7,13,-2,0.8666666666666667,adequate_comparable_units
UGT71B6,15,8,0,7,-8,0.4666666666666667,adequate_comparable_units
UGT71B8,15,7,7,11,0,0.7333333333333333,adequate_comparable_units
UGT71C1,15,8,6,11,-2,0.7333333333333333,adequate_comparable_units
UGT71C2,15,7,7,11,0,0.7333333333333333,adequate_comparable_units
UGT71C3,15,8,7,12,-1,0.8,adequate_comparable_units
UGT71C4,15,8,7,12,-1,0.8,adequate_comparable_units
UGT71C5,15,6,8,11,2,0.7333333333333333,adequate_comparable_units
UGT71D1,1,1,1,1,0,1.0,insufficient_comparable_units
UGT72B1,13,4,6,9,2,0.6923076923076923,adequate_comparable_units
UGT72B3,15,5,7,11,2,0.7333333333333333,adequate_comparable_units
UGT72C1,15,2,5,12,3,0.8,adequate_comparable_units
UGT72D1,15,6,6,13,0,0.8666666666666667,adequate_comparable_units
UGT72E1,15,5,7,13,2,0.8666666666666667,adequate_comparable_units
UGT72E2,15,5,8,8,3,0.5333333333333333,adequate_comparable_units
UGT72E3,15,5,0,10,-5,0.6666666666666666,adequate_comparable_units
UGT73B1,15,8,8,13,0,0.8666666666666667,adequate_comparable_units
UGT73B2,14,6,6,12,0,0.8571428571428571,adequate_comparable_units
UGT73B3,15,9,8,10,-1,0.6666666666666666,adequate_comparable_units
UGT73B4,15,7,8,14,1,0.9333333333333333,adequate_comparable_units
UGT73B5,15,9,7,11,-2,0.7333333333333333,adequate_comparable_units
UGT73C3,15,7,8,12,1,0.8,adequate_comparable_units
UGT73C4,15,3,5,9,2,0.6,adequate_comparable_units
UGT73C5,15,8,8,13,0,0.8666666666666667,adequate_comparable_units
UGT73C6,15,8,6,13,-2,0.8666666666666667,adequate_comparable_units
UGT74B1,15,7,5,11,-2,0.7333333333333333,adequate_comparable_units
UGT74F2,14,8,6,12,-2,0.8571428571428571,adequate_comparable_units
UGT75D1,15,4,3,10,-1,0.6666666666666666,adequate_comparable_units
UGT76E12,15,9,1,5,-8,0.3333333333333333,adequate_comparable_units
UGT76E2,15,5,2,8,-3,0.5333333333333333,adequate_comparable_units
UGT76E4,15,5,4,12,-1,0.8,adequate_comparable_units
UGT78D1,14,4,6,10,2,0.7142857142857143,adequate_comparable_units
UGT78D2,15,9,7,11,-2,0.7333333333333333,adequate_comparable_units
UGT84A1,14,12,2,4,-10,0.2857142857142857,adequate_comparable_units
UGT84A2,14,12,4,6,-8,0.42857142857142855,adequate_comparable_units
UGT84A3,15,11,6,10,-5,0.6666666666666666,adequate_comparable_units
UGT84A4,14,9,4,9,-5,0.6428571428571429,adequate_comparable_units
UGT84B2,15,5,1,11,-4,0.7333333333333333,adequate_comparable_units
UGT85A4,15,3,5,9,2,0.6,adequate_comparable_units
UGT89B1,15,5,0,10,-5,0.6666666666666666,adequate_comparable_units
