enzyme_id,n_comparable__Coumarins,n_comparable__HCA,y18_fraction__Coumarins,y18_fraction__HCA,m25_fraction__Coumarins,m25_fraction__HCA,delta_m25_minus_y18__Coumarins,delta_m25_minus_y18__HCA,D_HCA_minus_Coumarins,series_comparison_flag
UGT71B1,3.0,3.0,1.0,0.3333333333333333,1.0,0.0,0.0,-0.3333333333333333,-0.3333333333333333,both_series_adequate
UGT71B6,3.0,3.0,1.0,0.0,0.0,0.0,-1.0,0.0,1.0,both_series_adequate
UGT71B8,3.0,3.0,0.6666666666666666,0.3333333333333333,1.0,0.0,0.33333333333333337,-0.3333333333333333,-0.6666666666666667,both_series_adequate
UGT71C1,3.0,3.0,0.6666666666666666,0.6666666666666666,1.0,0.0,0.33333333333333337,-0.6666666666666666,-1.0,both_series_adequate
UGT71C2,3.0,3.0,0.6666666666666666,0.6666666666666666,1.0,0.0,0.33333333333333337,-0.6666666666666666,-1.0,both_series_adequate
UGT71C3,3.0,3.0,0.6666666666666666,0.3333333333333333,1.0,0.0,0.33333333333333337,-0.3333333333333333,-0.6666666666666667,both_series_adequate
UGT71C4,3.0,3.0,1.0,0.3333333333333333,1.0,0.0,0.0,-0.3333333333333333,-0.3333333333333333,both_series_adequate
UGT71C5,3.0,3.0,0.6666666666666666,0.0,1.0,0.0,0.33333333333333337,0.0,-0.33333333333333337,both_series_adequate
UGT71D1,1.0,,1.0,,1.0,,0.0,,,limited_series_overlap
UGT72B1,3.0,3.0,1.0,0.0,1.0,0.0,0.0,0.0,0.0,both_series_adequate
UGT72B3,3.0,3.0,0.6666666666666666,0.0,1.0,0.0,0.33333333333333337,0.0,-0.33333333333333337,both_series_adequate
UGT72C1,3.0,3.0,0.6666666666666666,0.0,0.6666666666666666,0.0,0.0,0.0,0.0,both_series_adequate
UGT72D1,3.0,3.0,0.6666666666666666,0.0,0.6666666666666666,0.0,0.0,0.0,0.0,both_series_adequate
UGT72E1,3.0,3.0,0.6666666666666666,0.0,1.0,0.0,0.33333333333333337,0.0,-0.33333333333333337,both_series_adequate
UGT72E2,3.0,3.0,0.6666666666666666,1.0,1.0,0.3333333333333333,0.33333333333333337,-0.6666666666666667,-1.0,both_series_adequate
UGT72E3,3.0,3.0,0.6666666666666666,1.0,0.0,0.0,-0.6666666666666666,-1.0,-0.33333333333333337,both_series_adequate
UGT73B1,3.0,3.0,1.0,0.3333333333333333,1.0,0.0,0.0,-0.3333333333333333,-0.3333333333333333,both_series_adequate
UGT73B2,2.0,3.0,0.5,0.0,1.0,0.0,0.5,0.0,-0.5,both_series_adequate
UGT73B3,3.0,3.0,0.6666666666666666,1.0,1.0,0.0,0.33333333333333337,-1.0,-1.3333333333333335,both_series_adequate
UGT73B4,3.0,3.0,0.6666666666666666,0.0,1.0,0.0,0.33333333333333337,0.0,-0.33333333333333337,both_series_adequate
UGT73B5,3.0,3.0,0.6666666666666666,0.6666666666666666,1.0,0.0,0.33333333333333337,-0.6666666666666666,-1.0,both_series_adequate
UGT73C3,3.0,3.0,0.6666666666666666,0.0,1.0,0.0,0.33333333333333337,0.0,-0.33333333333333337,both_series_adequate
UGT73C4,3.0,3.0,0.0,0.0,1.0,0.0,1.0,0.0,-1.0,both_series_adequate
UGT73C5,3.0,3.0,1.0,0.0,1.0,0.0,0.0,0.0,0.0,both_series_adequate
UGT73C6,3.0,3.0,1.0,0.0,1.0,0.0,0.0,0.0,0.0,both_series_adequate
UGT74B1,3.0,3.0,1.0,0.0,1.0,0.0,0.0,0.0,0.0,both_series_adequate
UGT74F2,3.0,3.0,1.0,0.0,1.0,0.0,0.0,0.0,0.0,both_series_adequate
UGT75D1,3.0,3.0,0.6666666666666666,0.3333333333333333,0.6666666666666666,0.0,0.0,-0.3333333333333333,-0.3333333333333333,both_series_adequate
UGT76E12,3.0,3.0,1.0,0.3333333333333333,0.0,0.0,-1.0,-0.3333333333333333,0.6666666666666667,both_series_adequate
UGT76E2,3.0,3.0,0.6666666666666666,0.0,0.3333333333333333,0.0,-0.3333333333333333,0.0,0.3333333333333333,both_series_adequate
UGT76E4,3.0,3.0,0.6666666666666666,0.0,0.3333333333333333,0.0,-0.3333333333333333,0.0,0.3333333333333333,both_series_adequate
UGT78D1,2.0,3.0,0.0,0.0,1.0,0.0,1.0,0.0,-1.0,both_series_adequate
UGT78D2,3.0,3.0,1.0,0.6666666666666666,1.0,0.0,0.0,-0.6666666666666666,-0.6666666666666666,both_series_adequate
UGT84A1,3.0,3.0,1.0,1.0,0.0,0.0,-1.0,-1.0,0.0,both_series_adequate
UGT84A2,3.0,3.0,1.0,1.0,0.6666666666666666,0.0,-0.33333333333333337,-1.0,-0.6666666666666666,both_series_adequate
UGT84A3,3.0,3.0,1.0,1.0,1.0,0.0,0.0,-1.0,-1.0,both_series_adequate
UGT84A4,3.0,3.0,0.6666666666666666,1.0,0.0,0.0,-0.6666666666666666,-1.0,-0.33333333333333337,both_series_adequate
UGT84B2,3.0,3.0,1.0,0.3333333333333333,0.3333333333333333,0.0,-0.6666666666666667,-0.3333333333333333,0.3333333333333334,both_series_adequate
UGT85A4,3.0,3.0,0.0,0.0,0.6666666666666666,0.0,0.6666666666666666,0.0,-0.6666666666666666,both_series_adequate
UGT89B1,3.0,3.0,0.6666666666666666,0.3333333333333333,0.0,0.0,-0.6666666666666666,-0.3333333333333333,0.3333333333333333,both_series_adequate
