enzyme_id,sequence_exact_status,family_prefix,n_HCA,y_HCA,m_HCA,delta_HCA,n_Coumarins,y_Coumarins,m_Coumarins,delta_Coumarins,D_HCA_minus_Coumarins,included_in_series_analysis
UGT71B1,exact,UGT71B,3,1,0,-0.3333333333333333,3,3,3,0.0,-0.3333333333333333,True
UGT71B6,exact,UGT71B,3,0,0,0.0,3,3,0,-1.0,1.0,True
UGT71B8,exact,UGT71B,3,1,0,-0.3333333333333333,3,2,3,0.3333333333333333,-0.6666666666666666,True
UGT71C1,exact,UGT71C,3,2,0,-0.6666666666666666,3,2,3,0.3333333333333333,-1.0,True
UGT71C2,exact,UGT71C,3,2,0,-0.6666666666666666,3,2,3,0.3333333333333333,-1.0,True
UGT71C3,exact,UGT71C,3,1,0,-0.3333333333333333,3,2,3,0.3333333333333333,-0.6666666666666666,True
UGT71C4,exact,UGT71C,3,1,0,-0.3333333333333333,3,3,3,0.0,-0.3333333333333333,True
UGT71C5,exact,UGT71C,3,0,0,0.0,3,2,3,0.3333333333333333,-0.3333333333333333,True
UGT71D1,exact,UGT71D,0,0,0,,1,1,1,0.0,,False
UGT72B1,exact,UGT72B,3,0,0,0.0,3,3,3,0.0,0.0,True
UGT72B3,exact,UGT72B,3,0,0,0.0,3,2,3,0.3333333333333333,-0.3333333333333333,True
UGT72C1,high_identity_core,UGT72C,3,0,0,0.0,3,2,2,0.0,0.0,True
UGT72D1,exact,UGT72D,3,0,0,0.0,3,2,2,0.0,0.0,True
UGT72E1,high_identity_core,UGT72E,3,0,0,0.0,3,2,3,0.3333333333333333,-0.3333333333333333,True
UGT72E2,exact,UGT72E,3,3,1,-0.6666666666666666,3,2,3,0.3333333333333333,-1.0,True
UGT72E3,exact,UGT72E,3,3,0,-1.0,3,2,0,-0.6666666666666666,-0.33333333333333337,True
UGT73B1,exact,UGT73B,3,1,0,-0.3333333333333333,3,3,3,0.0,-0.3333333333333333,True
UGT73B2,high_identity_core,UGT73B,3,0,0,0.0,2,1,2,0.5,-0.5,True
UGT73B3,exact,UGT73B,3,3,0,-1.0,3,2,3,0.3333333333333333,-1.3333333333333333,True
UGT73B4,high_identity_core,UGT73B,3,0,0,0.0,3,2,3,0.3333333333333333,-0.3333333333333333,True
UGT73B5,exact,UGT73B,3,2,0,-0.6666666666666666,3,2,3,0.3333333333333333,-1.0,True
UGT73C3,exact,UGT73C,3,0,0,0.0,3,2,3,0.3333333333333333,-0.3333333333333333,True
UGT73C4,exact,UGT73C,3,0,0,0.0,3,0,3,1.0,-1.0,True
UGT73C5,exact,UGT73C,3,0,0,0.0,3,3,3,0.0,0.0,True
UGT73C6,exact,UGT73C,3,0,0,0.0,3,3,3,0.0,0.0,True
UGT74B1,exact,UGT74B,3,0,0,0.0,3,3,3,0.0,0.0,True
UGT74F2,exact,UGT74F,3,0,0,0.0,3,3,3,0.0,0.0,True
UGT75D1,high_identity_core,UGT75D,3,1,0,-0.3333333333333333,3,2,2,0.0,-0.3333333333333333,True
UGT76E12,high_identity_core,UGT76E,3,1,0,-0.3333333333333333,3,3,0,-1.0,0.6666666666666667,True
UGT76E2,exact,UGT76E,3,0,0,0.0,3,2,1,-0.3333333333333333,0.3333333333333333,True
UGT76E4,exact,UGT76E,3,0,0,0.0,3,2,1,-0.3333333333333333,0.3333333333333333,True
UGT78D1,exact,UGT78D,3,0,0,0.0,2,0,2,1.0,-1.0,True
UGT78D2,exact,UGT78D,3,2,0,-0.6666666666666666,3,3,3,0.0,-0.6666666666666666,True
UGT84A1,high_identity_core,UGT84A,3,3,0,-1.0,3,3,0,-1.0,0.0,True
UGT84A2,exact,UGT84A,3,3,0,-1.0,3,3,2,-0.3333333333333333,-0.6666666666666667,True
UGT84A3,exact,UGT84A,3,3,0,-1.0,3,3,3,0.0,-1.0,True
UGT84A4,exact,UGT84A,3,3,0,-1.0,3,2,0,-0.6666666666666666,-0.33333333333333337,True
UGT84B2,high_identity_core,UGT84B,3,1,0,-0.3333333333333333,3,3,1,-0.6666666666666666,0.3333333333333333,True
UGT85A4,exact,UGT85A,3,0,0,0.0,3,0,2,0.6666666666666666,-0.6666666666666666,True
UGT89B1,high_identity_core,UGT89B,3,1,0,-0.3333333333333333,3,2,0,-0.6666666666666666,0.3333333333333333,True
