enzyme_id,y18_length,m25_length,y18_sequence_sha256,m25_sequence_sha256,best_offset_m25_minus_y18,aligned_residue_identity,aligned_core_coverage,core_sequence_match,construct_identity_note
UGT71B1,473,473,f3d724b45deb85c3a7874d5ed6c196c5000a5ce0cb20ff1e0abfb830cd860b5e,f3d724b45deb85c3a7874d5ed6c196c5000a5ce0cb20ff1e0abfb830cd860b5e,0,1.0,1.0,True,exact sequence string match
UGT71B6,479,479,975b745e6c87433c965c2ef323268d96df2fabbc608a2bf5993794d00c2c51c1,975b745e6c87433c965c2ef323268d96df2fabbc608a2bf5993794d00c2c51c1,0,1.0,1.0,True,exact sequence string match
UGT71B8,480,480,bf20076541f1a6a7e1bb0219a6a7c2026617a860190086b66f83d0ebf409eb63,bf20076541f1a6a7e1bb0219a6a7c2026617a860190086b66f83d0ebf409eb63,0,1.0,1.0,True,exact sequence string match
UGT71C1,481,481,3ec9d93fcd41a30d377c091584192f261720055c8333505ba81d6c35dcda519b,3ec9d93fcd41a30d377c091584192f261720055c8333505ba81d6c35dcda519b,0,1.0,1.0,True,exact sequence string match
UGT71C2,474,474,c0a3d177b4e296d998f8dcb41c63fa2f6afed6e5171b339eba9a4c251141a7da,c0a3d177b4e296d998f8dcb41c63fa2f6afed6e5171b339eba9a4c251141a7da,0,1.0,1.0,True,exact sequence string match
UGT71C3,476,476,fd9a2ce2a37e26849f2b0d4c58b4a2d6440698b73e728890c52332722a8a3d21,fd9a2ce2a37e26849f2b0d4c58b4a2d6440698b73e728890c52332722a8a3d21,0,1.0,1.0,True,exact sequence string match
UGT71C4,479,479,51bec068557f7a50510ff3182d510cdbbcbdf8584bcf26fc27ae55ca1bcb8228,51bec068557f7a50510ff3182d510cdbbcbdf8584bcf26fc27ae55ca1bcb8228,0,1.0,1.0,True,exact sequence string match
UGT71C5,480,480,6b9cb05e896a3fa990c236b4ec92a9bcf64f7f0f61435f1c275326967fff3964,6b9cb05e896a3fa990c236b4ec92a9bcf64f7f0f61435f1c275326967fff3964,0,1.0,1.0,True,exact sequence string match
UGT71D1,467,467,0c212e07a860b57d004c75a16f14ac82220ca33c686187ef2f5c6610102fd240,0c212e07a860b57d004c75a16f14ac82220ca33c686187ef2f5c6610102fd240,0,1.0,1.0,True,exact sequence string match
UGT72B1,480,480,08eafdd43d39cb79137605ee198192e4a62030e31e9c388d1a895e9adaaf06be,08eafdd43d39cb79137605ee198192e4a62030e31e9c388d1a895e9adaaf06be,0,1.0,1.0,True,exact sequence string match
UGT72B3,481,481,afc62aaa9229d24f9b4c9df590411a3e3bce023b51db7493b54bed2b981afcc9,afc62aaa9229d24f9b4c9df590411a3e3bce023b51db7493b54bed2b981afcc9,0,1.0,1.0,True,exact sequence string match
UGT72C1,457,457,59ac765d8e6f701407a97da982c6fa3353b59bb6f1cfd272ab8e9d34800da783,629c53424a0e940abeb2e2b07592ee2aef7be9875b140053aa617cc157432bd8,0,0.9912472647702407,1.0,True,"same named enzyme; sequence core retained, terminal/tag/isoform differences possible"
UGT72D1,470,470,1bab91826639def4b9f8df164c413c984d88d278525efc94eec146975592a472,1bab91826639def4b9f8df164c413c984d88d278525efc94eec146975592a472,0,1.0,1.0,True,exact sequence string match
UGT72E1,478,487,ba566bafb8ff7ed8d4c76d6e39ebefe29e8a109b6b3cb4fda0c3476176ae47a2,4c375c6b47b5c12a7a3af17e03cefaddc1d0db79c257e5d5fcb8b3a5c7567775,-9,1.0,1.0,True,"same named enzyme; sequence core retained, terminal/tag/isoform differences possible"
UGT72E2,481,481,8c68b20da9effc0e800e6b6ee4f6842146a287db2dcb85c7a7341654e3c026f0,8c68b20da9effc0e800e6b6ee4f6842146a287db2dcb85c7a7341654e3c026f0,0,1.0,1.0,True,exact sequence string match
UGT72E3,481,481,dfd0a76f653bda40847262ed607f1a88efc7c9720baf0c8346ae0bd70e1f3992,dfd0a76f653bda40847262ed607f1a88efc7c9720baf0c8346ae0bd70e1f3992,0,1.0,1.0,True,exact sequence string match
UGT73B1,488,488,0598bbcf38ee0e90c350bedbd73aa150f9c6a8d72c5caa270f2b2e730aab8b10,0598bbcf38ee0e90c350bedbd73aa150f9c6a8d72c5caa270f2b2e730aab8b10,0,1.0,1.0,True,exact sequence string match
UGT73B2,483,483,b64b996155d8978d77642d4f4d0522d2469a85bac257d1027337c1eda7e9d803,897d08ca917f24ace2cd0df456dc161d72649abe484f15ea14006fccbc41c6af,0,0.9979296066252588,1.0,True,"same named enzyme; sequence core retained, terminal/tag/isoform differences possible"
UGT73B3,481,481,f8544edaac8cd77229d6d1b6d8b0ad2aa46c20bb1037b8f9484afa47be6c7666,f8544edaac8cd77229d6d1b6d8b0ad2aa46c20bb1037b8f9484afa47be6c7666,0,1.0,1.0,True,exact sequence string match
UGT73B4,460,484,76569b7f0ff4017f328b25134a1a035af64100f3412097aa5044dc65f101816c,c9091349ad14d5071ae4bc774c35a23a0e827ea0031ab7944e43bc3b29c5d79e,-24,1.0,1.0,True,"same named enzyme; sequence core retained, terminal/tag/isoform differences possible"
UGT73B5,484,484,c7ac3a4089b46df20c2b283b30445406f67700be8234e81f03ffca1b893724f9,c7ac3a4089b46df20c2b283b30445406f67700be8234e81f03ffca1b893724f9,0,1.0,1.0,True,exact sequence string match
UGT73C3,496,496,8f1622b4b7eb1d84daecc539756a9d7b427144f16427691e352995bdce0ae319,8f1622b4b7eb1d84daecc539756a9d7b427144f16427691e352995bdce0ae319,0,1.0,1.0,True,exact sequence string match
UGT73C4,496,496,8fd8b7fe5635c28ede33e304dd13255ffd42fb19464304d7cf5b60dd31912f3c,8fd8b7fe5635c28ede33e304dd13255ffd42fb19464304d7cf5b60dd31912f3c,0,1.0,1.0,True,exact sequence string match
UGT73C5,495,495,f46d83210c8084832f8474fed4799b2254475a12b6b602992015708bcb4480df,f46d83210c8084832f8474fed4799b2254475a12b6b602992015708bcb4480df,0,1.0,1.0,True,exact sequence string match
UGT73C6,495,495,3d36801031dbe1005d0e98c4e924c2d97329e1f53da38a78d49fdaf50f43ce75,3d36801031dbe1005d0e98c4e924c2d97329e1f53da38a78d49fdaf50f43ce75,0,1.0,1.0,True,exact sequence string match
UGT74B1,460,460,74c5f8d8a399c24bd37a6637a8bc144e788af879bd6bb14bd97ad96b031311b5,74c5f8d8a399c24bd37a6637a8bc144e788af879bd6bb14bd97ad96b031311b5,0,1.0,1.0,True,exact sequence string match
UGT74F2,449,449,26da020a46c8ed59f77566e7e1d12b7b7e842edaa33baaa064f5b0cdd54eec1c,26da020a46c8ed59f77566e7e1d12b7b7e842edaa33baaa064f5b0cdd54eec1c,0,1.0,1.0,True,exact sequence string match
UGT75D1,474,474,b06525eb1128fc72bf2ddb64187ae5045b406f878addcd025b20b5c0200cf22d,f98c9b462f82ea442df2f1b80608c4e7a6a39dbcd65627f2d506fc6e32a147b5,0,0.9873417721518988,1.0,True,"same named enzyme; sequence core retained, terminal/tag/isoform differences possible"
UGT76E12,453,458,54825e718d4315d17f62ce222b251c6cd520e07dabba4ac52fe160468faa20ce,0feaa7016514baaba9a10dd189832cb88abb539cae1d92edb54c77d4a0b34184,-5,1.0,1.0,True,"same named enzyme; sequence core retained, terminal/tag/isoform differences possible"
UGT76E2,449,449,76165d3aa062967f1900870b52430c79f1b26aee8a841775f92c583cbd69a383,76165d3aa062967f1900870b52430c79f1b26aee8a841775f92c583cbd69a383,0,1.0,1.0,True,exact sequence string match
UGT76E4,452,452,c8828f8c6edeb377d04105a5a77b10b31da8fc2b367e317532b7cd8ed0257fcb,c8828f8c6edeb377d04105a5a77b10b31da8fc2b367e317532b7cd8ed0257fcb,0,1.0,1.0,True,exact sequence string match
UGT78D1,453,453,86a58676320935cce5b85cf4821aa07b238eebf841c45c8a7b66de110f653196,86a58676320935cce5b85cf4821aa07b238eebf841c45c8a7b66de110f653196,0,1.0,1.0,True,exact sequence string match
UGT78D2,460,460,f6ba4a99a59245967c067cde14c5b222cc31a51bcddd3bd2132a90dbf3c196c4,f6ba4a99a59245967c067cde14c5b222cc31a51bcddd3bd2132a90dbf3c196c4,0,1.0,1.0,True,exact sequence string match
UGT84A1,484,490,9f7a3e711799f4f91397c5ff0764815b68b397d159839f595f1bc1ff52dab5ac,3eff9566d458c59a489de041f0f8acb3e88340aeef36be51ea412a78a67b2df2,-6,1.0,1.0,True,"same named enzyme; sequence core retained, terminal/tag/isoform differences possible"
UGT84A2,496,496,8484201b0aa4369df5b10be4b76be933af3e4094e52062f878d5c9016610b6ea,8484201b0aa4369df5b10be4b76be933af3e4094e52062f878d5c9016610b6ea,0,1.0,1.0,True,exact sequence string match
UGT84A3,479,479,9171c9ffe7ee29c240c9c736401fdb211c95848fb6bea5f596f221df92b1bc7c,9171c9ffe7ee29c240c9c736401fdb211c95848fb6bea5f596f221df92b1bc7c,0,1.0,1.0,True,exact sequence string match
UGT84A4,475,475,4173dc69571580387a7784443a711d0167ad1cfd02277f24bacc718478f5fd6c,4173dc69571580387a7784443a711d0167ad1cfd02277f24bacc718478f5fd6c,0,1.0,1.0,True,exact sequence string match
UGT84B2,450,438,b6f0a6401350fe2cd10180534b40c32f6237c6ffc2e7658ec7397cd54024cb5e,8b962b259046985ccc676d9c53298fbc437cdd8aa512d7ebaa3e3cc766959ddd,12,0.997716894977169,1.0,True,"same named enzyme; sequence core retained, terminal/tag/isoform differences possible"
UGT85A4,489,489,eab68b3ab6a2fe71edd7631d4c94919df6aa68dfc9acb091b172d7a08efc75cc,eab68b3ab6a2fe71edd7631d4c94919df6aa68dfc9acb091b172d7a08efc75cc,0,1.0,1.0,True,exact sequence string match
UGT89B1,473,473,2c2d4f022e93a70a273462c5732ddc0cbe04348a53c9cc83892317c79854c26a,5360b987a6ffdcee175a1e602f27415d9937996740374b9e25bd1264a23d4458,0,0.9978858350951374,1.0,True,"same named enzyme; sequence core retained, terminal/tag/isoform differences possible"
