enzyme_id,key14,acceptor_label,series,y_active,m_active,y_status,m_status,pair_status
UGT71B1,ILEDWLMCKZNDJK,Esculetin,Coumarins,True,1,TESTED_ACTIVE,TESTED_ACTIVE,double_positive
UGT71B1,KSEBMYQBYZTDHS,Ferulic acid,Phenylpropanoids,False,0,TESTED_INACTIVE,TESTED_INACTIVE,double_not_detected
UGT71B1,ORHBXUUXSCNDEV,Umbelliferone,Coumarins,True,1,TESTED_ACTIVE,TESTED_ACTIVE,double_positive
UGT71B1,PCMORTLOPMLEFB,Sinapic acid,Phenylpropanoids,False,0,TESTED_INACTIVE,TESTED_INACTIVE,double_not_detected
UGT71B1,QAIPRVGONGVQAS,Caffeic acid,Phenylpropanoids,True,0,TESTED_ACTIVE,TESTED_INACTIVE,y18_only
UGT71B1,RODXRVNMMDRFIK,Scopoletin,Coumarins,True,1,TESTED_ACTIVE,TESTED_ACTIVE,double_positive
UGT71B6,ILEDWLMCKZNDJK,Esculetin,Coumarins,True,0,TESTED_ACTIVE,TESTED_INACTIVE,y18_only
UGT71B6,KSEBMYQBYZTDHS,Ferulic acid,Phenylpropanoids,False,0,TESTED_INACTIVE,TESTED_INACTIVE,double_not_detected
UGT71B6,ORHBXUUXSCNDEV,Umbelliferone,Coumarins,True,0,TESTED_ACTIVE,TESTED_INACTIVE,y18_only
UGT71B6,PCMORTLOPMLEFB,Sinapic acid,Phenylpropanoids,False,0,TESTED_INACTIVE,TESTED_INACTIVE,double_not_detected
UGT71B6,QAIPRVGONGVQAS,Caffeic acid,Phenylpropanoids,False,0,TESTED_INACTIVE,TESTED_INACTIVE,double_not_detected
UGT71B6,RODXRVNMMDRFIK,Scopoletin,Coumarins,True,0,TESTED_ACTIVE,TESTED_INACTIVE,y18_only
UGT71B8,ILEDWLMCKZNDJK,Esculetin,Coumarins,True,1,TESTED_ACTIVE,TESTED_ACTIVE,double_positive
UGT71B8,KSEBMYQBYZTDHS,Ferulic acid,Phenylpropanoids,False,0,TESTED_INACTIVE,TESTED_INACTIVE,double_not_detected
UGT71B8,ORHBXUUXSCNDEV,Umbelliferone,Coumarins,False,1,TESTED_INACTIVE,TESTED_ACTIVE,m25_only
UGT71B8,PCMORTLOPMLEFB,Sinapic acid,Phenylpropanoids,False,0,TESTED_INACTIVE,TESTED_INACTIVE,double_not_detected
UGT71B8,QAIPRVGONGVQAS,Caffeic acid,Phenylpropanoids,True,0,TESTED_ACTIVE,TESTED_INACTIVE,y18_only
UGT71B8,RODXRVNMMDRFIK,Scopoletin,Coumarins,True,1,TESTED_ACTIVE,TESTED_ACTIVE,double_positive
UGT71C1,ILEDWLMCKZNDJK,Esculetin,Coumarins,True,1,TESTED_ACTIVE,TESTED_ACTIVE,double_positive
UGT71C1,KSEBMYQBYZTDHS,Ferulic acid,Phenylpropanoids,False,0,TESTED_INACTIVE,TESTED_INACTIVE,double_not_detected
UGT71C1,ORHBXUUXSCNDEV,Umbelliferone,Coumarins,False,1,TESTED_INACTIVE,TESTED_ACTIVE,m25_only
UGT71C1,PCMORTLOPMLEFB,Sinapic acid,Phenylpropanoids,True,0,TESTED_ACTIVE,TESTED_INACTIVE,y18_only
UGT71C1,QAIPRVGONGVQAS,Caffeic acid,Phenylpropanoids,True,0,TESTED_ACTIVE,TESTED_INACTIVE,y18_only
UGT71C1,RODXRVNMMDRFIK,Scopoletin,Coumarins,True,1,TESTED_ACTIVE,TESTED_ACTIVE,double_positive
UGT71C2,ILEDWLMCKZNDJK,Esculetin,Coumarins,True,1,TESTED_ACTIVE,TESTED_ACTIVE,double_positive
UGT71C2,KSEBMYQBYZTDHS,Ferulic acid,Phenylpropanoids,False,0,TESTED_INACTIVE,TESTED_INACTIVE,double_not_detected
UGT71C2,ORHBXUUXSCNDEV,Umbelliferone,Coumarins,False,1,TESTED_INACTIVE,TESTED_ACTIVE,m25_only
UGT71C2,PCMORTLOPMLEFB,Sinapic acid,Phenylpropanoids,True,0,TESTED_ACTIVE,TESTED_INACTIVE,y18_only
UGT71C2,QAIPRVGONGVQAS,Caffeic acid,Phenylpropanoids,True,0,TESTED_ACTIVE,TESTED_INACTIVE,y18_only
UGT71C2,RODXRVNMMDRFIK,Scopoletin,Coumarins,True,1,TESTED_ACTIVE,TESTED_ACTIVE,double_positive
UGT71C3,ILEDWLMCKZNDJK,Esculetin,Coumarins,True,1,TESTED_ACTIVE,TESTED_ACTIVE,double_positive
UGT71C3,KSEBMYQBYZTDHS,Ferulic acid,Phenylpropanoids,False,0,TESTED_INACTIVE,TESTED_INACTIVE,double_not_detected
UGT71C3,ORHBXUUXSCNDEV,Umbelliferone,Coumarins,False,1,TESTED_INACTIVE,TESTED_ACTIVE,m25_only
UGT71C3,PCMORTLOPMLEFB,Sinapic acid,Phenylpropanoids,False,0,TESTED_INACTIVE,TESTED_INACTIVE,double_not_detected
UGT71C3,QAIPRVGONGVQAS,Caffeic acid,Phenylpropanoids,True,0,TESTED_ACTIVE,TESTED_INACTIVE,y18_only
UGT71C3,RODXRVNMMDRFIK,Scopoletin,Coumarins,True,1,TESTED_ACTIVE,TESTED_ACTIVE,double_positive
UGT71C4,ILEDWLMCKZNDJK,Esculetin,Coumarins,True,1,TESTED_ACTIVE,TESTED_ACTIVE,double_positive
UGT71C4,KSEBMYQBYZTDHS,Ferulic acid,Phenylpropanoids,False,0,TESTED_INACTIVE,TESTED_INACTIVE,double_not_detected
UGT71C4,ORHBXUUXSCNDEV,Umbelliferone,Coumarins,True,1,TESTED_ACTIVE,TESTED_ACTIVE,double_positive
UGT71C4,PCMORTLOPMLEFB,Sinapic acid,Phenylpropanoids,False,0,TESTED_INACTIVE,TESTED_INACTIVE,double_not_detected
UGT71C4,QAIPRVGONGVQAS,Caffeic acid,Phenylpropanoids,True,0,TESTED_ACTIVE,TESTED_INACTIVE,y18_only
UGT71C4,RODXRVNMMDRFIK,Scopoletin,Coumarins,True,1,TESTED_ACTIVE,TESTED_ACTIVE,double_positive
UGT71C5,ILEDWLMCKZNDJK,Esculetin,Coumarins,True,1,TESTED_ACTIVE,TESTED_ACTIVE,double_positive
UGT71C5,KSEBMYQBYZTDHS,Ferulic acid,Phenylpropanoids,False,0,TESTED_INACTIVE,TESTED_INACTIVE,double_not_detected
UGT71C5,ORHBXUUXSCNDEV,Umbelliferone,Coumarins,False,1,TESTED_INACTIVE,TESTED_ACTIVE,m25_only
UGT71C5,PCMORTLOPMLEFB,Sinapic acid,Phenylpropanoids,False,0,TESTED_INACTIVE,TESTED_INACTIVE,double_not_detected
UGT71C5,QAIPRVGONGVQAS,Caffeic acid,Phenylpropanoids,False,0,TESTED_INACTIVE,TESTED_INACTIVE,double_not_detected
UGT71C5,RODXRVNMMDRFIK,Scopoletin,Coumarins,True,1,TESTED_ACTIVE,TESTED_ACTIVE,double_positive
UGT71D1,RODXRVNMMDRFIK,Scopoletin,Coumarins,True,1,TESTED_ACTIVE,TESTED_ACTIVE,double_positive
UGT72B1,ILEDWLMCKZNDJK,Esculetin,Coumarins,True,1,TESTED_ACTIVE,TESTED_ACTIVE,double_positive
UGT72B1,KSEBMYQBYZTDHS,Ferulic acid,Phenylpropanoids,False,0,TESTED_INACTIVE,TESTED_INACTIVE,double_not_detected
UGT72B1,ORHBXUUXSCNDEV,Umbelliferone,Coumarins,True,1,TESTED_ACTIVE,TESTED_ACTIVE,double_positive
UGT72B1,PCMORTLOPMLEFB,Sinapic acid,Phenylpropanoids,False,0,TESTED_INACTIVE,TESTED_INACTIVE,double_not_detected
UGT72B1,QAIPRVGONGVQAS,Caffeic acid,Phenylpropanoids,False,0,TESTED_INACTIVE,TESTED_INACTIVE,double_not_detected
UGT72B1,RODXRVNMMDRFIK,Scopoletin,Coumarins,True,1,TESTED_ACTIVE,TESTED_ACTIVE,double_positive
UGT72B3,ILEDWLMCKZNDJK,Esculetin,Coumarins,True,1,TESTED_ACTIVE,TESTED_ACTIVE,double_positive
UGT72B3,KSEBMYQBYZTDHS,Ferulic acid,Phenylpropanoids,False,0,TESTED_INACTIVE,TESTED_INACTIVE,double_not_detected
UGT72B3,ORHBXUUXSCNDEV,Umbelliferone,Coumarins,False,1,TESTED_INACTIVE,TESTED_ACTIVE,m25_only
UGT72B3,PCMORTLOPMLEFB,Sinapic acid,Phenylpropanoids,False,0,TESTED_INACTIVE,TESTED_INACTIVE,double_not_detected
UGT72B3,QAIPRVGONGVQAS,Caffeic acid,Phenylpropanoids,False,0,TESTED_INACTIVE,TESTED_INACTIVE,double_not_detected
UGT72B3,RODXRVNMMDRFIK,Scopoletin,Coumarins,True,1,TESTED_ACTIVE,TESTED_ACTIVE,double_positive
UGT72D1,ILEDWLMCKZNDJK,Esculetin,Coumarins,True,1,TESTED_ACTIVE,TESTED_ACTIVE,double_positive
UGT72D1,KSEBMYQBYZTDHS,Ferulic acid,Phenylpropanoids,False,0,TESTED_INACTIVE,TESTED_INACTIVE,double_not_detected
UGT72D1,ORHBXUUXSCNDEV,Umbelliferone,Coumarins,False,0,TESTED_INACTIVE,TESTED_INACTIVE,double_not_detected
UGT72D1,PCMORTLOPMLEFB,Sinapic acid,Phenylpropanoids,False,0,TESTED_INACTIVE,TESTED_INACTIVE,double_not_detected
UGT72D1,QAIPRVGONGVQAS,Caffeic acid,Phenylpropanoids,False,0,TESTED_INACTIVE,TESTED_INACTIVE,double_not_detected
UGT72D1,RODXRVNMMDRFIK,Scopoletin,Coumarins,True,1,TESTED_ACTIVE,TESTED_ACTIVE,double_positive
UGT72E2,ILEDWLMCKZNDJK,Esculetin,Coumarins,True,1,TESTED_ACTIVE,TESTED_ACTIVE,double_positive
UGT72E2,KSEBMYQBYZTDHS,Ferulic acid,Phenylpropanoids,True,1,TESTED_ACTIVE,TESTED_ACTIVE,double_positive
UGT72E2,ORHBXUUXSCNDEV,Umbelliferone,Coumarins,False,1,TESTED_INACTIVE,TESTED_ACTIVE,m25_only
UGT72E2,PCMORTLOPMLEFB,Sinapic acid,Phenylpropanoids,True,0,TESTED_ACTIVE,TESTED_INACTIVE,y18_only
UGT72E2,QAIPRVGONGVQAS,Caffeic acid,Phenylpropanoids,True,0,TESTED_ACTIVE,TESTED_INACTIVE,y18_only
UGT72E2,RODXRVNMMDRFIK,Scopoletin,Coumarins,True,1,TESTED_ACTIVE,TESTED_ACTIVE,double_positive
UGT72E3,ILEDWLMCKZNDJK,Esculetin,Coumarins,True,0,TESTED_ACTIVE,TESTED_INACTIVE,y18_only
UGT72E3,KSEBMYQBYZTDHS,Ferulic acid,Phenylpropanoids,True,0,TESTED_ACTIVE,TESTED_INACTIVE,y18_only
UGT72E3,ORHBXUUXSCNDEV,Umbelliferone,Coumarins,False,0,TESTED_INACTIVE,TESTED_INACTIVE,double_not_detected
UGT72E3,PCMORTLOPMLEFB,Sinapic acid,Phenylpropanoids,True,0,TESTED_ACTIVE,TESTED_INACTIVE,y18_only
UGT72E3,QAIPRVGONGVQAS,Caffeic acid,Phenylpropanoids,True,0,TESTED_ACTIVE,TESTED_INACTIVE,y18_only
UGT72E3,RODXRVNMMDRFIK,Scopoletin,Coumarins,True,0,TESTED_ACTIVE,TESTED_INACTIVE,y18_only
UGT73B1,ILEDWLMCKZNDJK,Esculetin,Coumarins,True,1,TESTED_ACTIVE,TESTED_ACTIVE,double_positive
UGT73B1,KSEBMYQBYZTDHS,Ferulic acid,Phenylpropanoids,False,0,TESTED_INACTIVE,TESTED_INACTIVE,double_not_detected
UGT73B1,ORHBXUUXSCNDEV,Umbelliferone,Coumarins,True,1,TESTED_ACTIVE,TESTED_ACTIVE,double_positive
UGT73B1,PCMORTLOPMLEFB,Sinapic acid,Phenylpropanoids,True,0,TESTED_ACTIVE,TESTED_INACTIVE,y18_only
UGT73B1,QAIPRVGONGVQAS,Caffeic acid,Phenylpropanoids,False,0,TESTED_INACTIVE,TESTED_INACTIVE,double_not_detected
UGT73B1,RODXRVNMMDRFIK,Scopoletin,Coumarins,True,1,TESTED_ACTIVE,TESTED_ACTIVE,double_positive
UGT73B3,ILEDWLMCKZNDJK,Esculetin,Coumarins,True,1,TESTED_ACTIVE,TESTED_ACTIVE,double_positive
UGT73B3,KSEBMYQBYZTDHS,Ferulic acid,Phenylpropanoids,True,0,TESTED_ACTIVE,TESTED_INACTIVE,y18_only
UGT73B3,ORHBXUUXSCNDEV,Umbelliferone,Coumarins,False,1,TESTED_INACTIVE,TESTED_ACTIVE,m25_only
UGT73B3,PCMORTLOPMLEFB,Sinapic acid,Phenylpropanoids,True,0,TESTED_ACTIVE,TESTED_INACTIVE,y18_only
UGT73B3,QAIPRVGONGVQAS,Caffeic acid,Phenylpropanoids,True,0,TESTED_ACTIVE,TESTED_INACTIVE,y18_only
UGT73B3,RODXRVNMMDRFIK,Scopoletin,Coumarins,True,1,TESTED_ACTIVE,TESTED_ACTIVE,double_positive
UGT73B5,ILEDWLMCKZNDJK,Esculetin,Coumarins,True,1,TESTED_ACTIVE,TESTED_ACTIVE,double_positive
UGT73B5,KSEBMYQBYZTDHS,Ferulic acid,Phenylpropanoids,True,0,TESTED_ACTIVE,TESTED_INACTIVE,y18_only
UGT73B5,ORHBXUUXSCNDEV,Umbelliferone,Coumarins,False,1,TESTED_INACTIVE,TESTED_ACTIVE,m25_only
UGT73B5,PCMORTLOPMLEFB,Sinapic acid,Phenylpropanoids,False,0,TESTED_INACTIVE,TESTED_INACTIVE,double_not_detected
UGT73B5,QAIPRVGONGVQAS,Caffeic acid,Phenylpropanoids,True,0,TESTED_ACTIVE,TESTED_INACTIVE,y18_only
UGT73B5,RODXRVNMMDRFIK,Scopoletin,Coumarins,True,1,TESTED_ACTIVE,TESTED_ACTIVE,double_positive
UGT73C3,ILEDWLMCKZNDJK,Esculetin,Coumarins,True,1,TESTED_ACTIVE,TESTED_ACTIVE,double_positive
UGT73C3,KSEBMYQBYZTDHS,Ferulic acid,Phenylpropanoids,False,0,TESTED_INACTIVE,TESTED_INACTIVE,double_not_detected
UGT73C3,ORHBXUUXSCNDEV,Umbelliferone,Coumarins,False,1,TESTED_INACTIVE,TESTED_ACTIVE,m25_only
UGT73C3,PCMORTLOPMLEFB,Sinapic acid,Phenylpropanoids,False,0,TESTED_INACTIVE,TESTED_INACTIVE,double_not_detected
UGT73C3,QAIPRVGONGVQAS,Caffeic acid,Phenylpropanoids,False,0,TESTED_INACTIVE,TESTED_INACTIVE,double_not_detected
UGT73C3,RODXRVNMMDRFIK,Scopoletin,Coumarins,True,1,TESTED_ACTIVE,TESTED_ACTIVE,double_positive
UGT73C4,ILEDWLMCKZNDJK,Esculetin,Coumarins,False,1,TESTED_INACTIVE,TESTED_ACTIVE,m25_only
UGT73C4,KSEBMYQBYZTDHS,Ferulic acid,Phenylpropanoids,False,0,TESTED_INACTIVE,TESTED_INACTIVE,double_not_detected
UGT73C4,ORHBXUUXSCNDEV,Umbelliferone,Coumarins,False,1,TESTED_INACTIVE,TESTED_ACTIVE,m25_only
UGT73C4,PCMORTLOPMLEFB,Sinapic acid,Phenylpropanoids,False,0,TESTED_INACTIVE,TESTED_INACTIVE,double_not_detected
UGT73C4,QAIPRVGONGVQAS,Caffeic acid,Phenylpropanoids,False,0,TESTED_INACTIVE,TESTED_INACTIVE,double_not_detected
UGT73C4,RODXRVNMMDRFIK,Scopoletin,Coumarins,False,1,TESTED_INACTIVE,TESTED_ACTIVE,m25_only
UGT73C5,ILEDWLMCKZNDJK,Esculetin,Coumarins,True,1,TESTED_ACTIVE,TESTED_ACTIVE,double_positive
UGT73C5,KSEBMYQBYZTDHS,Ferulic acid,Phenylpropanoids,False,0,TESTED_INACTIVE,TESTED_INACTIVE,double_not_detected
UGT73C5,ORHBXUUXSCNDEV,Umbelliferone,Coumarins,True,1,TESTED_ACTIVE,TESTED_ACTIVE,double_positive
UGT73C5,PCMORTLOPMLEFB,Sinapic acid,Phenylpropanoids,False,0,TESTED_INACTIVE,TESTED_INACTIVE,double_not_detected
UGT73C5,QAIPRVGONGVQAS,Caffeic acid,Phenylpropanoids,False,0,TESTED_INACTIVE,TESTED_INACTIVE,double_not_detected
UGT73C5,RODXRVNMMDRFIK,Scopoletin,Coumarins,True,1,TESTED_ACTIVE,TESTED_ACTIVE,double_positive
UGT73C6,ILEDWLMCKZNDJK,Esculetin,Coumarins,True,1,TESTED_ACTIVE,TESTED_ACTIVE,double_positive
UGT73C6,KSEBMYQBYZTDHS,Ferulic acid,Phenylpropanoids,False,0,TESTED_INACTIVE,TESTED_INACTIVE,double_not_detected
UGT73C6,ORHBXUUXSCNDEV,Umbelliferone,Coumarins,True,1,TESTED_ACTIVE,TESTED_ACTIVE,double_positive
UGT73C6,PCMORTLOPMLEFB,Sinapic acid,Phenylpropanoids,False,0,TESTED_INACTIVE,TESTED_INACTIVE,double_not_detected
UGT73C6,QAIPRVGONGVQAS,Caffeic acid,Phenylpropanoids,False,0,TESTED_INACTIVE,TESTED_INACTIVE,double_not_detected
UGT73C6,RODXRVNMMDRFIK,Scopoletin,Coumarins,True,1,TESTED_ACTIVE,TESTED_ACTIVE,double_positive
UGT74B1,ILEDWLMCKZNDJK,Esculetin,Coumarins,True,1,TESTED_ACTIVE,TESTED_ACTIVE,double_positive
UGT74B1,KSEBMYQBYZTDHS,Ferulic acid,Phenylpropanoids,False,0,TESTED_INACTIVE,TESTED_INACTIVE,double_not_detected
UGT74B1,ORHBXUUXSCNDEV,Umbelliferone,Coumarins,True,1,TESTED_ACTIVE,TESTED_ACTIVE,double_positive
UGT74B1,PCMORTLOPMLEFB,Sinapic acid,Phenylpropanoids,False,0,TESTED_INACTIVE,TESTED_INACTIVE,double_not_detected
UGT74B1,QAIPRVGONGVQAS,Caffeic acid,Phenylpropanoids,False,0,TESTED_INACTIVE,TESTED_INACTIVE,double_not_detected
UGT74B1,RODXRVNMMDRFIK,Scopoletin,Coumarins,True,1,TESTED_ACTIVE,TESTED_ACTIVE,double_positive
UGT74F2,ILEDWLMCKZNDJK,Esculetin,Coumarins,True,1,TESTED_ACTIVE,TESTED_ACTIVE,double_positive
UGT74F2,KSEBMYQBYZTDHS,Ferulic acid,Phenylpropanoids,False,0,TESTED_INACTIVE,TESTED_INACTIVE,double_not_detected
UGT74F2,ORHBXUUXSCNDEV,Umbelliferone,Coumarins,True,1,TESTED_ACTIVE,TESTED_ACTIVE,double_positive
UGT74F2,PCMORTLOPMLEFB,Sinapic acid,Phenylpropanoids,False,0,TESTED_INACTIVE,TESTED_INACTIVE,double_not_detected
UGT74F2,QAIPRVGONGVQAS,Caffeic acid,Phenylpropanoids,False,0,TESTED_INACTIVE,TESTED_INACTIVE,double_not_detected
UGT74F2,RODXRVNMMDRFIK,Scopoletin,Coumarins,True,1,TESTED_ACTIVE,TESTED_ACTIVE,double_positive
UGT76E2,ILEDWLMCKZNDJK,Esculetin,Coumarins,True,0,TESTED_ACTIVE,TESTED_INACTIVE,y18_only
UGT76E2,KSEBMYQBYZTDHS,Ferulic acid,Phenylpropanoids,False,0,TESTED_INACTIVE,TESTED_INACTIVE,double_not_detected
UGT76E2,ORHBXUUXSCNDEV,Umbelliferone,Coumarins,False,1,TESTED_INACTIVE,TESTED_ACTIVE,m25_only
UGT76E2,PCMORTLOPMLEFB,Sinapic acid,Phenylpropanoids,False,0,TESTED_INACTIVE,TESTED_INACTIVE,double_not_detected
UGT76E2,QAIPRVGONGVQAS,Caffeic acid,Phenylpropanoids,False,0,TESTED_INACTIVE,TESTED_INACTIVE,double_not_detected
UGT76E2,RODXRVNMMDRFIK,Scopoletin,Coumarins,True,0,TESTED_ACTIVE,TESTED_INACTIVE,y18_only
UGT76E4,ILEDWLMCKZNDJK,Esculetin,Coumarins,True,1,TESTED_ACTIVE,TESTED_ACTIVE,double_positive
UGT76E4,KSEBMYQBYZTDHS,Ferulic acid,Phenylpropanoids,False,0,TESTED_INACTIVE,TESTED_INACTIVE,double_not_detected
UGT76E4,ORHBXUUXSCNDEV,Umbelliferone,Coumarins,False,0,TESTED_INACTIVE,TESTED_INACTIVE,double_not_detected
UGT76E4,PCMORTLOPMLEFB,Sinapic acid,Phenylpropanoids,False,0,TESTED_INACTIVE,TESTED_INACTIVE,double_not_detected
UGT76E4,QAIPRVGONGVQAS,Caffeic acid,Phenylpropanoids,False,0,TESTED_INACTIVE,TESTED_INACTIVE,double_not_detected
UGT76E4,RODXRVNMMDRFIK,Scopoletin,Coumarins,True,0,TESTED_ACTIVE,TESTED_INACTIVE,y18_only
UGT78D1,ILEDWLMCKZNDJK,Esculetin,Coumarins,False,1,TESTED_INACTIVE,TESTED_ACTIVE,m25_only
UGT78D1,KSEBMYQBYZTDHS,Ferulic acid,Phenylpropanoids,False,0,TESTED_INACTIVE,TESTED_INACTIVE,double_not_detected
UGT78D1,ORHBXUUXSCNDEV,Umbelliferone,Coumarins,False,1,TESTED_INACTIVE,TESTED_ACTIVE,m25_only
UGT78D1,PCMORTLOPMLEFB,Sinapic acid,Phenylpropanoids,False,0,TESTED_INACTIVE,TESTED_INACTIVE,double_not_detected
UGT78D1,QAIPRVGONGVQAS,Caffeic acid,Phenylpropanoids,False,0,TESTED_INACTIVE,TESTED_INACTIVE,double_not_detected
UGT78D2,ILEDWLMCKZNDJK,Esculetin,Coumarins,True,1,TESTED_ACTIVE,TESTED_ACTIVE,double_positive
UGT78D2,KSEBMYQBYZTDHS,Ferulic acid,Phenylpropanoids,False,0,TESTED_INACTIVE,TESTED_INACTIVE,double_not_detected
UGT78D2,ORHBXUUXSCNDEV,Umbelliferone,Coumarins,True,1,TESTED_ACTIVE,TESTED_ACTIVE,double_positive
UGT78D2,PCMORTLOPMLEFB,Sinapic acid,Phenylpropanoids,True,0,TESTED_ACTIVE,TESTED_INACTIVE,y18_only
UGT78D2,QAIPRVGONGVQAS,Caffeic acid,Phenylpropanoids,True,0,TESTED_ACTIVE,TESTED_INACTIVE,y18_only
UGT78D2,RODXRVNMMDRFIK,Scopoletin,Coumarins,True,1,TESTED_ACTIVE,TESTED_ACTIVE,double_positive
UGT84A2,ILEDWLMCKZNDJK,Esculetin,Coumarins,True,1,TESTED_ACTIVE,TESTED_ACTIVE,double_positive
UGT84A2,KSEBMYQBYZTDHS,Ferulic acid,Phenylpropanoids,True,0,TESTED_ACTIVE,TESTED_INACTIVE,y18_only
UGT84A2,ORHBXUUXSCNDEV,Umbelliferone,Coumarins,True,1,TESTED_ACTIVE,TESTED_ACTIVE,double_positive
UGT84A2,PCMORTLOPMLEFB,Sinapic acid,Phenylpropanoids,True,0,TESTED_ACTIVE,TESTED_INACTIVE,y18_only
UGT84A2,QAIPRVGONGVQAS,Caffeic acid,Phenylpropanoids,True,0,TESTED_ACTIVE,TESTED_INACTIVE,y18_only
UGT84A2,RODXRVNMMDRFIK,Scopoletin,Coumarins,True,0,TESTED_ACTIVE,TESTED_INACTIVE,y18_only
UGT84A3,ILEDWLMCKZNDJK,Esculetin,Coumarins,True,1,TESTED_ACTIVE,TESTED_ACTIVE,double_positive
UGT84A3,KSEBMYQBYZTDHS,Ferulic acid,Phenylpropanoids,True,0,TESTED_ACTIVE,TESTED_INACTIVE,y18_only
UGT84A3,ORHBXUUXSCNDEV,Umbelliferone,Coumarins,True,1,TESTED_ACTIVE,TESTED_ACTIVE,double_positive
UGT84A3,PCMORTLOPMLEFB,Sinapic acid,Phenylpropanoids,True,0,TESTED_ACTIVE,TESTED_INACTIVE,y18_only
UGT84A3,QAIPRVGONGVQAS,Caffeic acid,Phenylpropanoids,True,0,TESTED_ACTIVE,TESTED_INACTIVE,y18_only
UGT84A3,RODXRVNMMDRFIK,Scopoletin,Coumarins,True,1,TESTED_ACTIVE,TESTED_ACTIVE,double_positive
UGT84A4,ILEDWLMCKZNDJK,Esculetin,Coumarins,True,0,TESTED_ACTIVE,TESTED_INACTIVE,y18_only
UGT84A4,KSEBMYQBYZTDHS,Ferulic acid,Phenylpropanoids,True,0,TESTED_ACTIVE,TESTED_INACTIVE,y18_only
UGT84A4,ORHBXUUXSCNDEV,Umbelliferone,Coumarins,False,0,TESTED_INACTIVE,TESTED_INACTIVE,double_not_detected
UGT84A4,PCMORTLOPMLEFB,Sinapic acid,Phenylpropanoids,True,0,TESTED_ACTIVE,TESTED_INACTIVE,y18_only
UGT84A4,QAIPRVGONGVQAS,Caffeic acid,Phenylpropanoids,True,0,TESTED_ACTIVE,TESTED_INACTIVE,y18_only
UGT84A4,RODXRVNMMDRFIK,Scopoletin,Coumarins,True,0,TESTED_ACTIVE,TESTED_INACTIVE,y18_only
UGT85A4,ILEDWLMCKZNDJK,Esculetin,Coumarins,False,1,TESTED_INACTIVE,TESTED_ACTIVE,m25_only
UGT85A4,KSEBMYQBYZTDHS,Ferulic acid,Phenylpropanoids,False,0,TESTED_INACTIVE,TESTED_INACTIVE,double_not_detected
UGT85A4,ORHBXUUXSCNDEV,Umbelliferone,Coumarins,False,0,TESTED_INACTIVE,TESTED_INACTIVE,double_not_detected
UGT85A4,PCMORTLOPMLEFB,Sinapic acid,Phenylpropanoids,False,0,TESTED_INACTIVE,TESTED_INACTIVE,double_not_detected
UGT85A4,QAIPRVGONGVQAS,Caffeic acid,Phenylpropanoids,False,0,TESTED_INACTIVE,TESTED_INACTIVE,double_not_detected
UGT85A4,RODXRVNMMDRFIK,Scopoletin,Coumarins,False,1,TESTED_INACTIVE,TESTED_ACTIVE,m25_only
