enzyme_id,n_comparable,y18_active_n,m25_active_n,agreement_n,y18_active_fraction,m25_active_fraction,delta_m25_minus_y18,family_prefix
UGT71B1,15,9,7,13,0.6,0.4666666666666667,-0.1333333333333333,UGT71B
UGT71B6,15,8,0,7,0.5333333333333333,0.0,-0.5333333333333333,UGT71B
UGT71B8,15,7,7,11,0.4666666666666667,0.4666666666666667,0.0,UGT71B
UGT71C1,15,8,6,11,0.5333333333333333,0.4,-0.1333333333333333,UGT71C
UGT71C2,15,7,7,11,0.4666666666666667,0.4666666666666667,0.0,UGT71C
UGT71C3,15,8,7,12,0.5333333333333333,0.4666666666666667,-0.06666666666666665,UGT71C
UGT71C4,15,8,7,12,0.5333333333333333,0.4666666666666667,-0.06666666666666665,UGT71C
UGT71C5,15,6,8,11,0.4,0.5333333333333333,0.1333333333333333,UGT71C
UGT71D1,1,1,1,1,1.0,1.0,0.0,UGT71D
UGT72B1,13,4,6,9,0.3076923076923077,0.46153846153846156,0.15384615384615385,UGT72B
UGT72B3,15,5,7,11,0.3333333333333333,0.4666666666666667,0.13333333333333336,UGT72B
UGT72D1,15,6,6,13,0.4,0.4,0.0,UGT72D
UGT72E2,15,5,8,8,0.3333333333333333,0.5333333333333333,0.2,UGT72E
UGT72E3,15,5,0,10,0.3333333333333333,0.0,-0.3333333333333333,UGT72E
UGT73B1,15,8,8,13,0.5333333333333333,0.5333333333333333,0.0,UGT73B
UGT73B3,15,9,8,10,0.6,0.5333333333333333,-0.06666666666666665,UGT73B
UGT73B5,15,9,7,11,0.6,0.4666666666666667,-0.1333333333333333,UGT73B
UGT73C3,15,7,8,12,0.4666666666666667,0.5333333333333333,0.06666666666666665,UGT73C
UGT73C4,15,3,5,9,0.2,0.3333333333333333,0.1333333333333333,UGT73C
UGT73C5,15,8,8,13,0.5333333333333333,0.5333333333333333,0.0,UGT73C
UGT73C6,15,8,6,13,0.5333333333333333,0.4,-0.1333333333333333,UGT73C
UGT74B1,15,7,5,11,0.4666666666666667,0.3333333333333333,-0.13333333333333336,UGT74B
UGT74F2,14,8,6,12,0.5714285714285714,0.42857142857142855,-0.14285714285714285,UGT74F
UGT76E2,15,5,2,8,0.3333333333333333,0.13333333333333333,-0.19999999999999998,UGT76E
UGT76E4,15,5,4,12,0.3333333333333333,0.26666666666666666,-0.06666666666666665,UGT76E
UGT78D1,14,4,6,10,0.2857142857142857,0.42857142857142855,0.14285714285714285,UGT78D
UGT78D2,15,9,7,11,0.6,0.4666666666666667,-0.1333333333333333,UGT78D
UGT84A2,14,12,4,6,0.8571428571428571,0.2857142857142857,-0.5714285714285714,UGT84A
UGT84A3,15,11,6,10,0.7333333333333333,0.4,-0.33333333333333326,UGT84A
UGT84A4,14,9,4,9,0.6428571428571429,0.2857142857142857,-0.3571428571428572,UGT84A
UGT85A4,15,3,5,9,0.2,0.3333333333333333,0.1333333333333333,UGT85A
