enzyme_id,y,m,n,yfrac,mfrac
UGT71B1,9,7,15,0.6,0.4666666666666667
UGT71B6,8,0,15,0.5333333333333333,0.0
UGT71B8,7,7,15,0.4666666666666667,0.4666666666666667
UGT71C1,8,6,15,0.5333333333333333,0.4
UGT71C2,7,7,15,0.4666666666666667,0.4666666666666667
UGT71C3,8,7,15,0.5333333333333333,0.4666666666666667
UGT71C4,8,7,15,0.5333333333333333,0.4666666666666667
UGT71C5,6,8,15,0.4,0.5333333333333333
UGT71D1,1,1,1,1.0,1.0
UGT72B1,4,6,13,0.3076923076923077,0.46153846153846156
UGT72B3,5,7,15,0.3333333333333333,0.4666666666666667
UGT72C1,2,5,15,0.13333333333333333,0.3333333333333333
UGT72D1,6,6,15,0.4,0.4
UGT72E1,5,7,15,0.3333333333333333,0.4666666666666667
UGT72E2,5,8,15,0.3333333333333333,0.5333333333333333
UGT72E3,5,0,15,0.3333333333333333,0.0
UGT73B1,8,8,15,0.5333333333333333,0.5333333333333333
UGT73B2,6,6,14,0.42857142857142855,0.42857142857142855
UGT73B3,9,8,15,0.6,0.5333333333333333
UGT73B4,7,8,15,0.4666666666666667,0.5333333333333333
UGT73B5,9,7,15,0.6,0.4666666666666667
UGT73C3,7,8,15,0.4666666666666667,0.5333333333333333
UGT73C4,3,5,15,0.2,0.3333333333333333
UGT73C5,8,8,15,0.5333333333333333,0.5333333333333333
UGT73C6,8,6,15,0.5333333333333333,0.4
UGT74B1,7,5,15,0.4666666666666667,0.3333333333333333
UGT74F2,8,6,14,0.5714285714285714,0.42857142857142855
UGT75D1,4,3,15,0.26666666666666666,0.2
UGT76E12,9,1,15,0.6,0.06666666666666667
UGT76E2,5,2,15,0.3333333333333333,0.13333333333333333
UGT76E4,5,4,15,0.3333333333333333,0.26666666666666666
UGT78D1,4,6,14,0.2857142857142857,0.42857142857142855
UGT78D2,9,7,15,0.6,0.4666666666666667
UGT84A1,12,2,14,0.8571428571428571,0.14285714285714285
UGT84A2,12,4,14,0.8571428571428571,0.2857142857142857
UGT84A3,11,6,15,0.7333333333333333,0.4
UGT84A4,9,4,14,0.6428571428571429,0.2857142857142857
UGT84B2,5,1,15,0.3333333333333333,0.06666666666666667
UGT85A4,3,5,15,0.2,0.3333333333333333
UGT89B1,5,0,15,0.3333333333333333,0.0
