enzyme_id,Name,CSMILES,raw_product_rows,evidence_types,max_auc,max_cosine,source_threshold,AUC_binary_corrected_raw,AUC_binary_published,AUC_binary_corrected,call_change
UGT71B2,3-O-METHYLQUERCETIN,COc1c(-c2ccc(O)c(O)c2)oc2cc(O)cc(O)c2c1=O,1.0,double_glycosylated_product,639659.0,0.852,0.85,1.0,0,1,0_to_1
UGT71B2,CHOLECALCIFEROL,C=C1CCC(O)CC1=CC=C1CCCC2(C)C1CCC2C(C)CCCC(C)C,1.0,double_glycosylated_product,119345.0,0.887,0.85,1.0,0,1,0_to_1
UGT71B2,LUPEOL,C=C(C)C1CCC2(C)CCC3(C)C(CCC4C5(C)CCC(O)C(C)(C)C5CCC43C)C12,1.0,double_glycosylated_product,129686.0,0.858,0.85,1.0,0,1,0_to_1
UGT71B8,QUERCETIN,O=c1c(O)c(-c2ccc(O)c(O)c2)oc2cc(O)cc(O)c12,1.0,double_glycosylated_product,38664.0,0.9,0.85,1.0,0,1,0_to_1
UGT71C2,HYDROQUINIDINE,CCC1CN2CCC1CC2C(O)c1ccnc2ccc(OC)cc12,1.0,double_glycosylated_product,34183.0,0.889,0.85,1.0,0,1,0_to_1
UGT71C3,CHOLECALCIFEROL,C=C1CCC(O)CC1=CC=C1CCCC2(C)C1CCC2C(C)CCCC(C)C,1.0,double_glycosylated_product,40732.0,0.888,0.85,1.0,0,1,0_to_1
UGT71C3,LUPEOL,C=C(C)C1CCC2(C)CCC3(C)C(CCC4C5(C)CCC(O)C(C)(C)C5CCC43C)C12,1.0,double_glycosylated_product,463415.0,0.858,0.85,1.0,0,1,0_to_1
UGT71C4,CHOLECALCIFEROL,C=C1CCC(O)CC1=CC=C1CCCC2(C)C1CCC2C(C)CCCC(C)C,1.0,double_glycosylated_product,19157.0,0.861,0.85,1.0,0,1,0_to_1
UGT71C4,LUPEOL,C=C(C)C1CCC2(C)CCC3(C)C(CCC4C5(C)CCC(O)C(C)(C)C5CCC43C)C12,1.0,double_glycosylated_product,545425.0,0.858,0.85,1.0,0,1,0_to_1
UGT71C5,BETA-SITOSTEROL,CCC(CCC(C)C1CCC2C3CC=C4CC(O)CCC4(C)C3CCC12C)C(C)C,1.0,double_glycosylated_product,326050.0,0.867,0.85,1.0,0,1,0_to_1
UGT71C5,CHOLECALCIFEROL,C=C1CCC(O)CC1=CC=C1CCCC2(C)C1CCC2C(C)CCCC(C)C,1.0,double_glycosylated_product,47431.0,0.884,0.85,1.0,0,1,0_to_1
UGT71C5,FUCOSTANOL,CCC(CCC(C)C1CCC2C3CCC4CC(O)CCC4(C)C3CCC12C)C(C)C,1.0,double_glycosylated_product,1099969.0,0.855,0.85,1.0,0,1,0_to_1
UGT71C5,LUPEOL,C=C(C)C1CCC2(C)CCC3(C)C(CCC4C5(C)CCC(O)C(C)(C)C5CCC43C)C12,1.0,double_glycosylated_product,448677.0,0.869,0.85,1.0,0,1,0_to_1
UGT71D1,LEVODOPA,NC(Cc1ccc(O)c(O)c1)C(=O)O,1.0,double_glycosylated_product,25418.0,0.95,0.85,1.0,0,1,0_to_1
UGT71D1,RESVERATROL 4'-METHYL ETHER,COc1ccc(C=Cc2cc(O)cc(O)c2)cc1,1.0,double_glycosylated_product,51390.0,0.853,0.85,1.0,0,1,0_to_1
UGT71D1,SALIDROSIDE,OCC1OC(OCCc2ccc(O)cc2)C(O)C(O)C1O,1.0,double_glycosylated_product,34292.0,0.871,0.85,1.0,0,1,0_to_1
UGT72B1,LEVODOPA,NC(Cc1ccc(O)c(O)c1)C(=O)O,1.0,double_glycosylated_product,10143.0,0.941,0.85,1.0,0,1,0_to_1
UGT72B1,SALIDROSIDE,OCC1OC(OCCc2ccc(O)cc2)C(O)C(O)C1O,1.0,double_glycosylated_product,29524.0,0.852,0.85,1.0,0,1,0_to_1
UGT72B2,CHOLECALCIFEROL,C=C1CCC(O)CC1=CC=C1CCCC2(C)C1CCC2C(C)CCCC(C)C,1.0,double_glycosylated_product,27269.0,0.879,0.85,1.0,0,1,0_to_1
UGT72B3,BETA-SITOSTEROL,CCC(CCC(C)C1CCC2C3CC=C4CC(O)CCC4(C)C3CCC12C)C(C)C,1.0,double_glycosylated_product,993154.0,0.862,0.85,1.0,0,1,0_to_1
UGT72B3,CHOLECALCIFEROL,C=C1CCC(O)CC1=CC=C1CCCC2(C)C1CCC2C(C)CCCC(C)C,1.0,double_glycosylated_product,24334.0,0.869,0.85,1.0,0,1,0_to_1
UGT72C1,CHOLECALCIFEROL,C=C1CCC(O)CC1=CC=C1CCCC2(C)C1CCC2C(C)CCCC(C)C,1.0,double_glycosylated_product,24864.0,0.873,0.85,1.0,0,1,0_to_1
UGT72D1,BETA-SITOSTEROL,CCC(CCC(C)C1CCC2C3CC=C4CC(O)CCC4(C)C3CCC12C)C(C)C,1.0,double_glycosylated_product,3000694.0,0.865,0.85,1.0,0,1,0_to_1
UGT72E3,FORMONONETIN,,,,,,,,0,1,0_to_1
UGT73B1,3-O-METHYLQUERCETIN,COc1c(-c2ccc(O)c(O)c2)oc2cc(O)cc(O)c2c1=O,1.0,double_glycosylated_product,146364.0,0.855,0.85,1.0,0,1,0_to_1
UGT73B2,SALIDROSIDE,OCC1OC(OCCc2ccc(O)cc2)C(O)C(O)C1O,1.0,double_glycosylated_product,31155.0,0.864,0.85,1.0,0,1,0_to_1
UGT73B3,LUPEOL,C=C(C)C1CCC2(C)CCC3(C)C(CCC4C5(C)CCC(O)C(C)(C)C5CCC43C)C12,1.0,double_glycosylated_product,225872.0,0.862,0.85,1.0,0,1,0_to_1
UGT73B3,RESVERATROL 4'-METHYL ETHER,COc1ccc(C=Cc2cc(O)cc(O)c2)cc1,1.0,double_glycosylated_product,113923.0,0.869,0.85,1.0,0,1,0_to_1
UGT73B4,3-O-METHYLQUERCETIN,COc1c(-c2ccc(O)c(O)c2)oc2cc(O)cc(O)c2c1=O,1.0,double_glycosylated_product,163669.0,0.854,0.85,1.0,0,1,0_to_1
UGT73B4,4-METHYLDAPHNETIN,Cc1cc(=O)oc2c(O)c(O)ccc12,1.0,double_glycosylated_product,77963.0,0.956,0.85,1.0,0,1,0_to_1
UGT73B4,CURCUMIN,COc1cc(C=CC(=O)CC(=O)C=Cc2ccc(O)c(OC)c2)ccc1O,1.0,double_glycosylated_product,19014.0,0.905,0.85,1.0,0,1,0_to_1
UGT73B4,HYDROQUINIDINE,CCC1CN2CCC1CC2C(O)c1ccnc2ccc(OC)cc12,1.0,double_glycosylated_product,29467.0,0.939,0.85,1.0,0,1,0_to_1
UGT73B4,LUPEOL,C=C(C)C1CCC2(C)CCC3(C)C(CCC4C5(C)CCC(O)C(C)(C)C5CCC43C)C12,1.0,double_glycosylated_product,473625.0,0.861,0.85,1.0,0,1,0_to_1
UGT73B4,RESVERATROL 4'-METHYL ETHER,COc1ccc(C=Cc2cc(O)cc(O)c2)cc1,1.0,double_glycosylated_product,189217.0,0.875,0.85,1.0,0,1,0_to_1
UGT73B4,ROSMARINIC ACID,O=C(C=Cc1ccc(O)c(O)c1)OC(Cc1ccc(O)c(O)c1)C(=O)O,1.0,double_glycosylated_product,30472.0,0.931,0.85,1.0,0,1,0_to_1
UGT73B5,3-O-METHYLQUERCETIN,COc1c(-c2ccc(O)c(O)c2)oc2cc(O)cc(O)c2c1=O,1.0,double_glycosylated_product,111112.0,0.85,0.85,1.0,0,1,0_to_1
UGT73B5,QUERCITRIN,CC1OC(Oc2c(-c3ccc(O)c(O)c3)oc3cc(O)cc(O)c3c2=O)C(O)C(O)C1O,1.0,double_glycosylated_product,517346.0,0.944,0.85,1.0,0,1,0_to_1
UGT73B5,SALIDROSIDE,OCC1OC(OCCc2ccc(O)cc2)C(O)C(O)C1O,1.0,double_glycosylated_product,21226.0,0.897,0.85,1.0,0,1,0_to_1
UGT73C2,FORMONONETIN,COc1ccc(-c2coc3cc(O)ccc3c2=O)cc1,1.0,double_glycosylated_product,62455.0,0.986,0.85,1.0,0,1,0_to_1
UGT73C3,3-O-METHYLQUERCETIN,COc1c(-c2ccc(O)c(O)c2)oc2cc(O)cc(O)c2c1=O,1.0,double_glycosylated_product,202507.0,0.856,0.85,1.0,0,1,0_to_1
UGT73C3,CHOLECALCIFEROL,C=C1CCC(O)CC1=CC=C1CCCC2(C)C1CCC2C(C)CCCC(C)C,1.0,double_glycosylated_product,254272.0,0.896,0.85,1.0,0,1,0_to_1
UGT73C4,4-HYDROXY-6-METHYLPYRAN-2-ONE,Cc1cc(=O)cc(O)o1,1.0,double_glycosylated_product,79932.0,0.851,0.85,1.0,0,1,0_to_1
UGT73C5,3-O-METHYLQUERCETIN,COc1c(-c2ccc(O)c(O)c2)oc2cc(O)cc(O)c2c1=O,1.0,double_glycosylated_product,1069326.0,0.854,0.85,1.0,0,1,0_to_1
UGT73C5,"6,4'-DIHYDROXYFLAVONE",O=c1cc(-c2ccc(O)cc2)oc2ccc(O)cc12,1.0,double_glycosylated_product,440849.0,0.851,0.85,1.0,0,1,0_to_1
UGT73C5,BETA-SITOSTEROL,CCC(CCC(C)C1CCC2C3CC=C4CC(O)CCC4(C)C3CCC12C)C(C)C,1.0,double_glycosylated_product,558734.0,0.879,0.85,1.0,0,1,0_to_1
UGT73C5,FUCOSTANOL,CCC(CCC(C)C1CCC2C3CCC4CC(O)CCC4(C)C3CCC12C)C(C)C,1.0,double_glycosylated_product,1006138.0,0.861,0.85,1.0,0,1,0_to_1
UGT73C5,LEVODOPA,NC(Cc1ccc(O)c(O)c1)C(=O)O,1.0,double_glycosylated_product,6956.0,0.941,0.85,1.0,0,1,0_to_1
UGT73C5,LUPEOL,C=C(C)C1CCC2(C)CCC3(C)C(CCC4C5(C)CCC(O)C(C)(C)C5CCC43C)C12,1.0,double_glycosylated_product,394547.0,0.865,0.85,1.0,0,1,0_to_1
UGT73C5,QUERCITRIN,CC1OC(Oc2c(-c3ccc(O)c(O)c3)oc3cc(O)cc(O)c3c2=O)C(O)C(O)C1O,1.0,double_glycosylated_product,125162.0,0.953,0.85,1.0,0,1,0_to_1
UGT73C5,SALIDROSIDE,OCC1OC(OCCc2ccc(O)cc2)C(O)C(O)C1O,1.0,double_glycosylated_product,38394.0,0.896,0.85,1.0,0,1,0_to_1
UGT73C5,URSOLIC ACID,CC1CCC2(C(=O)O)CCC3(C)C(=CCC4C5(C)CCC(O)C(C)(C)C5CCC43C)C2C1C,1.0,double_glycosylated_product,93708.0,0.863,0.85,1.0,0,1,0_to_1
UGT73C6,"6,4'-DIHYDROXYFLAVONE",O=c1cc(-c2ccc(O)cc2)oc2ccc(O)cc12,1.0,double_glycosylated_product,57171.0,0.859,0.85,1.0,0,1,0_to_1
UGT73C6,SALIDROSIDE,OCC1OC(OCCc2ccc(O)cc2)C(O)C(O)C1O,1.0,double_glycosylated_product,29586.0,0.882,0.85,1.0,0,1,0_to_1
UGT74B1,BETA-SITOSTEROL,CCC(CCC(C)C1CCC2C3CC=C4CC(O)CCC4(C)C3CCC12C)C(C)C,1.0,double_glycosylated_product,582935.0,0.896,0.85,1.0,0,1,0_to_1
UGT74B1,FUCOSTANOL,CCC(CCC(C)C1CCC2C3CCC4CC(O)CCC4(C)C3CCC12C)C(C)C,1.0,double_glycosylated_product,1199420.0,0.872,0.85,1.0,0,1,0_to_1
UGT74F2,HYDROQUINIDINE,CCC1CN2CCC1CC2C(O)c1ccnc2ccc(OC)cc12,1.0,double_glycosylated_product,2919.0,0.885,0.85,1.0,0,1,0_to_1
UGT74F2,QUERCETIN,O=c1c(O)c(-c2ccc(O)c(O)c2)oc2cc(O)cc(O)c12,1.0,double_glycosylated_product,181906.0,0.914,0.85,1.0,0,1,0_to_1
UGT75B2,BETA-SITOSTEROL,CCC(CCC(C)C1CCC2C3CC=C4CC(O)CCC4(C)C3CCC12C)C(C)C,1.0,double_glycosylated_product,1482622.0,0.854,0.85,1.0,0,1,0_to_1
UGT75B2,CHOLECALCIFEROL,C=C1CCC(O)CC1=CC=C1CCCC2(C)C1CCC2C(C)CCCC(C)C,1.0,double_glycosylated_product,16431.0,0.866,0.85,1.0,0,1,0_to_1
UGT75B2,LUPEOL,C=C(C)C1CCC2(C)CCC3(C)C(CCC4C5(C)CCC(O)C(C)(C)C5CCC43C)C12,1.0,double_glycosylated_product,171138.0,0.854,0.85,1.0,0,1,0_to_1
UGT75C1,BETA-SITOSTEROL,CCC(CCC(C)C1CCC2C3CC=C4CC(O)CCC4(C)C3CCC12C)C(C)C,1.0,double_glycosylated_product,821846.0,0.878,0.85,1.0,0,1,0_to_1
UGT76C1,LEVODOPA,NC(Cc1ccc(O)c(O)c1)C(=O)O,1.0,double_glycosylated_product,11106.0,0.942,0.85,1.0,0,1,0_to_1
UGT76C2,SALIDROSIDE,OCC1OC(OCCc2ccc(O)cc2)C(O)C(O)C1O,1.0,double_glycosylated_product,20874.0,0.888,0.85,1.0,0,1,0_to_1
UGT76C5,CHOLECALCIFEROL,C=C1CCC(O)CC1=CC=C1CCCC2(C)C1CCC2C(C)CCCC(C)C,1.0,double_glycosylated_product,23937.0,0.867,0.85,1.0,0,1,0_to_1
UGT76E3,LEVODOPA,,,,,,,,0,1,0_to_1
UGT76E3,SALIDROSIDE,,,,,,,,0,1,0_to_1
UGT76E4,KAEMPFEROL,,,,,,,,0,1,0_to_1
UGT76E4,LUPEOL,,,,,,,,0,1,0_to_1
UGT76E6,LEVODOPA,,,,,,,,0,1,0_to_1
UGT76E6,SALIDROSIDE,,,,,,,,0,1,0_to_1
UGT76E9,CHOLECALCIFEROL,,,,,,,,0,1,0_to_1
UGT76E9,LUPEOL,,,,,,,,0,1,0_to_1
UGT76F1,3-O-METHYLQUERCETIN,COc1c(-c2ccc(O)c(O)c2)oc2cc(O)cc(O)c2c1=O,1.0,double_glycosylated_product,764261.0,0.854,0.85,1.0,0,1,0_to_1
UGT76F1,QUERCETIN,O=c1c(O)c(-c2ccc(O)c(O)c2)oc2cc(O)cc(O)c12,1.0,double_glycosylated_product,53743.0,0.887,0.85,1.0,0,1,0_to_1
UGT78D2,SALIDROSIDE,OCC1OC(OCCc2ccc(O)cc2)C(O)C(O)C1O,1.0,double_glycosylated_product,34818.0,0.87,0.85,1.0,0,1,0_to_1
UGT78D3,SALIDROSIDE,OCC1OC(OCCc2ccc(O)cc2)C(O)C(O)C1O,1.0,double_glycosylated_product,27469.0,0.866,0.85,1.0,0,1,0_to_1
UGT79B1,SALIDROSIDE,OCC1OC(OCCc2ccc(O)cc2)C(O)C(O)C1O,1.0,double_glycosylated_product,26100.0,0.873,0.85,1.0,0,1,0_to_1
UGT79B10,HYDROQUINIDINE,CCC1CN2CCC1CC2C(O)c1ccnc2ccc(OC)cc12,1.0,double_glycosylated_product,60570.0,0.916,0.85,1.0,0,1,0_to_1
UGT79B10,LEVODOPA,NC(Cc1ccc(O)c(O)c1)C(=O)O,1.0,double_glycosylated_product,16831.0,0.949,0.85,1.0,0,1,0_to_1
UGT79B11,CHOLECALCIFEROL,C=C1CCC(O)CC1=CC=C1CCCC2(C)C1CCC2C(C)CCCC(C)C,1.0,double_glycosylated_product,62767.0,0.88,0.85,1.0,0,1,0_to_1
UGT79B2,HYDROQUINIDINE,CCC1CN2CCC1CC2C(O)c1ccnc2ccc(OC)cc12,1.0,double_glycosylated_product,63126.0,0.919,0.85,1.0,0,1,0_to_1
UGT79B5,BETA-SITOSTEROL,CCC(CCC(C)C1CCC2C3CC=C4CC(O)CCC4(C)C3CCC12C)C(C)C,1.0,double_glycosylated_product,1448541.0,0.875,0.85,1.0,0,1,0_to_1
UGT79B7,SALIDROSIDE,OCC1OC(OCCc2ccc(O)cc2)C(O)C(O)C1O,1.0,double_glycosylated_product,19934.0,0.899,0.85,1.0,0,1,0_to_1
UGT79B8,CHOLECALCIFEROL,C=C1CCC(O)CC1=CC=C1CCCC2(C)C1CCC2C(C)CCCC(C)C,1.0,double_glycosylated_product,16143.0,0.875,0.85,1.0,0,1,0_to_1
UGT79B8,LUPEOL,C=C(C)C1CCC2(C)CCC3(C)C(CCC4C5(C)CCC(O)C(C)(C)C5CCC43C)C12,1.0,double_glycosylated_product,195851.0,0.86,0.85,1.0,0,1,0_to_1
UGT80B1,BETA-SITOSTEROL,CCC(CCC(C)C1CCC2C3CC=C4CC(O)CCC4(C)C3CCC12C)C(C)C,1.0,double_glycosylated_product,843689.0,0.856,0.85,1.0,0,1,0_to_1
UGT80B1,EUPHOL,CC(C)=CCCC(C)C1CCC2(C)C3=C(CCC12C)C1(C)CCC(O)C(C)(C)C1CC3,1.0,double_glycosylated_product,254795.0,0.854,0.85,1.0,0,1,0_to_1
UGT84A2,LEVODOPA,NC(Cc1ccc(O)c(O)c1)C(=O)O,1.0,double_glycosylated_product,9244.0,0.933,0.85,1.0,0,1,0_to_1
UGT84A2,SALIDROSIDE,OCC1OC(OCCc2ccc(O)cc2)C(O)C(O)C1O,1.0,double_glycosylated_product,26320.0,0.89,0.85,1.0,0,1,0_to_1
UGT84A3,AZELAIC ACID,O=C(O)CCCCCCCC(=O)O,1.0,double_glycosylated_product,114635.0,0.866,0.85,1.0,0,1,0_to_1
UGT84A3,LEVODOPA,NC(Cc1ccc(O)c(O)c1)C(=O)O,1.0,double_glycosylated_product,10871.0,0.944,0.85,1.0,0,1,0_to_1
UGT84A3,SALIDROSIDE,OCC1OC(OCCc2ccc(O)cc2)C(O)C(O)C1O,1.0,double_glycosylated_product,25617.0,0.891,0.85,1.0,0,1,0_to_1
UGT85A2,CHOLECALCIFEROL,C=C1CCC(O)CC1=CC=C1CCCC2(C)C1CCC2C(C)CCCC(C)C,1.0,double_glycosylated_product,21088.0,0.859,0.85,1.0,0,1,0_to_1
UGT85A3,CHOLECALCIFEROL,C=C1CCC(O)CC1=CC=C1CCCC2(C)C1CCC2C(C)CCCC(C)C,1.0,double_glycosylated_product,39962.0,0.877,0.85,1.0,0,1,0_to_1
UGT85A4,CHOLECALCIFEROL,C=C1CCC(O)CC1=CC=C1CCCC2(C)C1CCC2C(C)CCCC(C)C,1.0,double_glycosylated_product,93946.0,0.891,0.85,1.0,0,1,0_to_1
UGT85A4,HYDROQUINIDINE,CCC1CN2CCC1CC2C(O)c1ccnc2ccc(OC)cc12,1.0,double_glycosylated_product,43265.0,0.905,0.85,1.0,0,1,0_to_1
UGT86A2,FORMONONETIN,COc1ccc(-c2coc3cc(O)ccc3c2=O)cc1,1.0,double_glycosylated_product,74749.0,0.988,0.85,1.0,0,1,0_to_1
UGT87A1,LEVODOPA,NC(Cc1ccc(O)c(O)c1)C(=O)O,1.0,double_glycosylated_product,12423.0,0.95,0.85,1.0,0,1,0_to_1
UGT87A1,SALIDROSIDE,OCC1OC(OCCc2ccc(O)cc2)C(O)C(O)C1O,1.0,double_glycosylated_product,26102.0,0.884,0.85,1.0,0,1,0_to_1
UGT87A2,BETA-SITOSTEROL,CCC(CCC(C)C1CCC2C3CC=C4CC(O)CCC4(C)C3CCC12C)C(C)C,1.0,double_glycosylated_product,1025491.0,0.855,0.85,1.0,0,1,0_to_1
UGT87A2,CHOLECALCIFEROL,C=C1CCC(O)CC1=CC=C1CCCC2(C)C1CCC2C(C)CCCC(C)C,1.0,double_glycosylated_product,24540.0,0.857,0.85,1.0,0,1,0_to_1
UGT89A2,LEVODOPA,NC(Cc1ccc(O)c(O)c1)C(=O)O,1.0,double_glycosylated_product,12594.0,0.949,0.85,1.0,0,1,0_to_1
UGT89B1,4-HYDROXY-6-METHYLPYRAN-2-ONE,Cc1cc(=O)cc(O)o1,1.0,double_glycosylated_product,50402.0,0.857,0.85,1.0,0,1,0_to_1
UGT91A1,SALIDROSIDE,OCC1OC(OCCc2ccc(O)cc2)C(O)C(O)C1O,1.0,double_glycosylated_product,24179.0,0.88,0.85,1.0,0,1,0_to_1
