key,old_id,doi,verified_title,verified_authors,year,journal,volume,issue,pages_or_article,species_or_system,enzyme_or_target,acceptor_or_product,study_type,metadata_source,content_source,evidence_level,supports_claim,manuscript_locations,status,source_url
bowles2006,1,10.1146/annurev.arplant.57.032905.105429,Glycosyltransferases of lipophilic small molecules,Dianna Bowles; Eng-Kiat Lim; Brigitte Poppenberger; Fabián E. Vaistij,2006,Annual Review of Plant Biology,57,1,567–597,plant family-1 UGTs,small-molecule glycosyltransferases,"hormones, secondary metabolites, biotic and abiotic chemicals",review,PubMed PMID 16669774; Crossref,PubMed abstract,title+abstract,family-1 UGT breadth and context-dependent substrate overlap,main Introduction; Discussion; References,RETAINED_VERIFIED,https://pubmed.ncbi.nlm.nih.gov/16669774/
lim2004,2,10.1038/sj.emboj.7600295,A class of plant glycosyltransferases involved in cellular homeostasis,Eng-Kiat Lim; Dianna J. Bowles,2004,The EMBO Journal,23,15,2915–2922,plants and mammals; plant family-1 UGT review,family-1 glycosyltransferases,"auxins, cytokinins, flavonoids and xenobiotics",review,PubMed PMID 15241472; Crossref,PubMed abstract and PMC514916,title+abstract+full text link,family-1 UGT homeostasis/detoxification framing,main Introduction; References,RETAINED_VERIFIED,https://pubmed.ncbi.nlm.nih.gov/15241472/
old_ref3_doi,3,10.1111/j.1438-8677.2006.00380.x,,,,,,,,,,,,DOI resolver search and Crossref 404,No matching publisher/PubMed/title record; DOI does not resolve to the cited article,unresolved,none; old duplicate/misattributed citation removed,old main reference 3; no final use,REMOVED_UNRESOLVED,https://doi.org/10.1111/j.1438-8677.2006.00380.x
lim2003,4,10.1093/glycob/cwg017,Evolution of substrate recognition across a multigene family of glycosyltransferases in Arabidopsis,Eng-Kiat Lim; Sandie Baldauf; Yi Li; Luisa Elias; Dawn Worrall; Steven P. Spencer; Rosamond G. Jackson; Goro Taguchi; Joe Ross; Dianna J. Bowles,2003,Glycobiology,13,3,139–145,Arabidopsis thaliana,107 family-1 UGT sequences; 90 assayed,hydroxycoumarins,original research,Oxford Academic issue; PubMed-linked full article/PDF,article abstract and full-text PDF,title+abstract+full text,Arabidopsis hydroxycoumarin substrate recognition across UGT family,main Introduction; References,RETAINED_VERIFIED,https://academic.oup.com/glycob/issue/13/3
lim2001,5,10.1074/jbc.M007263200,Identification of Glucosyltransferase Genes Involved in Sinapate Metabolism and Lignin Synthesis in Arabidopsis,Eng-Kiat Lim; Yi Li; Adrian Parr; Rosamond Jackson; David A. Ashford; Dianna J. Bowles,2001,Journal of Biological Chemistry,276,6,4344–4349,Arabidopsis thaliana,five glucosyltransferase genes including UGT84A1/UGT84A2 and UGT72E2/UGT72E3,"sinapic acid, sinapyl alcohol and related phenylpropanoids",original research,JBC/ScienceDirect article page; Crossref,article abstract and sequence/function text,title+abstract+full text,UGT84 hydroxycinnamate glucose-ester context,main Introduction/Discussion; Table 1; References,RETAINED_VERIFIED,https://www.sciencedirect.com/science/article/pii/S0021925818464411
chong2002,6,10.1105/tpc.010436,"Downregulation of a Pathogen-Responsive Tobacco UDP-Glc:Phenylpropanoid Glucosyltransferase Reduces Scopoletin Glucoside Accumulation, Enhances Oxidative Stress, and Weakens Virus Resistance",Julie Chong; Rachel Baltz; Corinne Schmitt; Roland Beffa; Bernard Fritig; Patrick Saindrenan,2002,The Plant Cell,14,5,1093–1107,Nicotiana tabacum,tobacco pathogen-responsive UDP-Glc:phenylpropanoid glucosyltransferase (TOGT),scopoletin glucoside/scopolin,original research,Plant Cell DOI record; Crossref,article title and full text,title+full text,tobacco TOGT/scopoletin context only; not Arabidopsis flavonoid function,main Introduction/Discussion; References,RETAINED_VERIFIED,https://doi.org/10.1105/tpc.010436
shao2005,7,10.1105/tpc.105.035055,Crystal Structures of a Multifunctional Triterpene/Flavonoid Glycosyltransferase from Medicago truncatula,Hui Shao; Xianzhi He; Lahoucine Achnine; Jack W. Blount; Richard A. Dixon; Xiaoqiang Wang,2005,The Plant Cell,17,11,3141–3154,Medicago truncatula,UGT71G1,UDP-glucose; quercetin; medicagenic acid; hederagenin and isoflavones,structural/original research,PMC1276034; Plant Cell DOI record; Crossref,full text crystal-structure article,title+full text,plant UGT GT-B fold and donor/acceptor recognition context,main Introduction; References,RETAINED_VERIFIED,https://pmc.ncbi.nlm.nih.gov/articles/PMC1276034/
lanot2006,8,10.1111/j.1365-313X.2006.02872.x,The glucosyltransferase UGT72E2 is responsible for monolignol 4-O-glucoside production in Arabidopsis thaliana,Alexandra Lanot; Denise Hodge; Gilu L. George; Luisa Elias; Eng-Kiat Lim; Fabián E. Vaistij; Dianna J. Bowles; Rosamond G. Jackson,2006,The Plant Journal,48,2,286–295,Arabidopsis thaliana,UGT72E2,"monolignol 4-O-glucosides, especially coniferyl alcohol 4-O-glucoside",original research,York Research Database/publisher record; Crossref,abstract and bibliographic full record,title+abstract,UGT72E2 monolignol glucoside context; not IAA homeostasis,main Introduction/Discussion; References,RETAINED_VERIFIED,https://pure.york.ac.uk/portal/en/publications/the-glucosyltransferase-ugt72e2-is-responsible-for-monolignol4-o-/
messner2003,9,10.1007/s00425-002-0969-0,Arabidopsis glucosyltransferases with activities toward both endogenous and xenobiotic substrates,Burkhard Meßner; Oliver Thulke; Anton R. Schäffner,2003,Planta,217,1,138–146,Arabidopsis thaliana,"seven recombinant UGTs including UGT84A1, UGT84A2, UGT72E2 and UGT75D1","2,4,5-trichlorophenol and endogenous substrates",original research,PubMed PMID 12721858; Crossref,PubMed abstract,title+abstract,overlapping endogenous/xenobiotic activities and substrate competition context,main Discussion; References,RETAINED_VERIFIED,https://pubmed.ncbi.nlm.nih.gov/12721858/
meissner2008,10,10.1007/s00425-008-0768-3,The role of UDP-glucose:hydroxycinnamate glucosyltransferases in phenylpropanoid metabolism and the response to UV-B radiation in Arabidopsis thaliana,Dirk Meißner; Andreas Albert; Christoph Böttcher; Dieter Strack; Carsten Milkowski,2008,Planta,228,4,663–674,Arabidopsis thaliana,UDP-glucose:hydroxycinnamate glucosyltransferases,hydroxycinnamates and phenylpropanoid metabolites,original research,Crossref; publisher title record,title and article record,title+metadata,Arabidopsis hydroxycinnamate UGT context,main Introduction/Discussion; References,RETAINED_VERIFIED,https://doi.org/10.1007/s00425-008-0768-3
yonekura2012,11,10.1111/j.1365-313X.2011.04779.x,Two glycosyltransferases involved in anthocyanin modification delineated by transcriptome independent component analysis in Arabidopsis thaliana,Keiko Yonekura-Sakakibara; Atsushi Fukushima; Ryo Nakabayashi; Kousuke Hanada; Fumio Matsuda; Satoko Sugawara; Eri Inoue; Takashi Kuromori; Takuya Ito; Kazuo Shinozaki; Bunyapa Wangwattana; Mami Yamazaki; Kazuki Saito,2012,The Plant Journal,69,1,154–167,Arabidopsis thaliana,UGT79B1 and UGT84A2,anthocyanin modification products,original research,PMC3507004; Crossref,full text and abstract,title+abstract+full text,UGT84A2 anthocyanin/plant-context evidence,main Introduction/Discussion; Table 1; References,RETAINED_VERIFIED,https://pmc.ncbi.nlm.nih.gov/articles/PMC3507004/
offen2006,12,10.1038/sj.emboj.7600970,Structure of a flavonoid glucosyltransferase reveals the basis for plant natural product modification,Wendy Offen; Carlos Martinez-Fleites; Min Yang; Eng-Kiat Lim; Benjamin G. Davis; Chris A. Tarling; Christopher M. Ford; Dianna J. Bowles; Gideon J. Davies,2006,The EMBO Journal,25,6,1396–1405,Vitis vinifera,VvGT1 UDP-glucose:flavonoid 3-O-glycosyltransferase,"flavonoids including anthocyanidins, kaempferol and quercetin",structural/original research,PMC1422153; publisher record; Crossref,full text crystal-structure article,title+abstract+full text,GT-B fold and broad-but-constrained acceptor recognition,main Introduction; References,RETAINED_VERIFIED,https://pmc.ncbi.nlm.nih.gov/articles/PMC1422153/
poppenberger2005,13,10.1073/pnas.0504279102,The UGT73C5 of Arabidopsis thaliana glucosylates brassinosteroids,Brigitte Poppenberger; Shozo Fujioka; Kazuo Soeno; Gilu L. George; Fabián E. Vaistij; Sayoko Hiranuma; Hideharu Seto; Suguru Takatsuto; Gerhard Adam; Shigeo Yoshida; Dianna J. Bowles,2005,Proceedings of the National Academy of Sciences,102,42,15253–15258,Arabidopsis thaliana,UGT73C5,brassinolide and castasterone 23-O-glucosides,original research,PMC1257699; Crossref,full text and abstract,title+abstract+full text,steroid glucosylation example; not central to current series result,main Introduction; References,RETAINED_VERIFIED,https://pmc.ncbi.nlm.nih.gov/articles/PMC1257699/
yang2018,14,10.1038/s41589-018-0154-9,Functional and informatics analysis enables glycosyltransferase activity prediction,Min Yang; Charlie Fehl; Karen V. Lees; Eng-Kiat Lim; Wendy A. Offen; Gideon J. Davies; Dianna J. Bowles; Matthew G. Davidson; Stephen J. Roberts; Benjamin G. Davis,2018,Nature Chemical Biology,14,12,1109–1117,Arabidopsis thaliana GT1,GT-Predict and family-1 UGT activity dataset,diverse small-molecule acceptors,original research,PubMed PMID 30420693; Crossref,PubMed abstract,title+abstract,Y18 source study and family-wide activity-prediction context,main Introduction; Methods; References,RETAINED_VERIFIED,https://pubmed.ncbi.nlm.nih.gov/30420693/
sirirungruang2025,15,10.1038/s41467-025-61530-6,A substrate-multiplexed platform for profiling enzymatic potential of plant family 1 glycosyltransferases,Sasilada Sirirungruang; Vincent Blay; Elys P. Rodriguez; Yasmine F. Scott; Khanh M. Vuu; Collin R. Barnum; Paul H. Opgenorth; Fanzhou Kong; Yuanyue Li; Oliver Fiehn; Patrick M. Shih,2025,Nature Communications,16,1,6366,Arabidopsis and plant family-1 UGTs,85 family-1 UGT enzymes,453 natural-product acceptors in multiplexed reactions,original research,Nature article/PDF; PMC12246196; Crossref,article abstract and methods,title+abstract+full text,"M25 source study, multiplexed assay and family-wide promiscuity",main Introduction; Methods; References,RETAINED_VERIFIED,https://www.nature.com/articles/s41467-025-61530-6.pdf
li2024,16,10.1038/s42004-024-01231-1,"Discovery, characterization, and comparative analysis of new UGT72 and UGT84 family glycosyltransferases",Tuo Li; Annika J. E. Borg; Leo Krammer; Hansjörg Weber; Rolf Breinbauer; Bernd Nidetzky,2024,Communications Chemistry,7,1,147,Arabidopsis and other plant UGT72/UGT84 proteins,UGT72D1 and UGT84 family candidates,"sinapic acid, coniferyl aldehyde and phenolic acceptors",original research,Nature/PMC11213884; Crossref,full text and abstract,title+abstract+full text,identity-corrected UGT72D1 purified-enzyme context,main Results/Discussion/Methods; Table 1; References,RETAINED_VERIFIED,https://pmc.ncbi.nlm.nih.gov/articles/PMC11213884/
wu2022,17,10.1016/j.molp.2022.08.003,Glycoside-specific metabolomics combined with precursor isotopic labeling for characterizing plant glycosyltransferases,Jie Wu; Wentao Zhu; Xiaotong Shan; Jinyue Liu; Lingling Zhao; Qiao Zhao,2022,Molecular Plant,15,10,1517–1532,Arabidopsis thaliana,UGT72E cluster and UGT78D2,"monolignol, phenylalanine-derived and coumarin glycosides",resource/original research,ScienceDirect article page; Crossref,abstract and full text,title+abstract+full text,glycoside-specific metabolomics and precursor-labeling experimental context,main Introduction/Discussion; References,RETAINED_VERIFIED,https://www.sciencedirect.com/science/article/pii/S1674205222002660
matuszewski2003,18,10.1021/ac020361s,Strategies for the Assessment of Matrix Effect in Quantitative Bioanalytical Methods Based on HPLC–MS/MS,B. K. Matuszewski; M. L. Constanzer; C. M. Chavez-Eng,2003,Analytical Chemistry,75,13,3019–3030,bioanalytical HPLC–MS/MS methods,matrix-effect assessment,not applicable,comparative methods research,PubMed PMID 12964746; ACS/Crossref,PubMed abstract,title+abstract,matrix-effect and analytical recovery context,main Discussion; References,RETAINED_VERIFIED,https://pubmed.ncbi.nlm.nih.gov/12964746/
