file,type,bytes
acceptor_identity_audit.csv,csv,3389
acceptor_paired_summary_085.csv,csv,1199
biochemical_evidence_table.csv,csv,4629
chemical_class_paired_summary_085.csv,csv,680
effect_sizes_family_cluster_bootstrap.csv,csv,467
enzyme_identity_audit.csv,csv,8402
enzyme_identity_audit_final_copy.csv,csv,8629
enzyme_paired_summary_085.csv,csv,2655
enzyme_series_breadth_085.csv,csv,4411
exact31_acceptor_summary.csv,csv,1519
exact31_comparable_units.csv,csv,188107
exact31_effect_sizes_family_cluster_bootstrap.csv,csv,504
exact31_enzyme_series_effects.csv,csv,2835
exact31_enzyme_summary.csv,csv,2393
exact31_focal_molecule_states.csv,csv,18539
exact31_series_summary.csv,csv,316
exact31_summary.json,json,12311
focal_molecule_pair_states_085.csv,csv,22468
leave_one_compound_out_series_sensitivity.csv,csv,546
m25_call_correction_audit.csv,csv,12960
m25_source_qc_summary.csv,csv,168
q2_strict_overlap_085.csv,csv,273617
Table1_focal_enzyme_evidence.csv,csv,4023
TABLE_INVENTORY.csv,csv,481
threshold_sensitivity_identity_fixed.csv,csv,579
threshold_source_audit.csv,csv,3643
