enzyme_id,n_comparable
UGT71B1,15
UGT71B6,15
UGT71B8,15
UGT71C1,15
UGT71C2,15
UGT71C3,15
UGT71C4,15
UGT71C5,15
UGT71D1,1
UGT72B1,13
UGT72B3,15
UGT72C1,15
UGT72D1,15
UGT72E1,15
UGT72E2,15
UGT72E3,15
UGT73B1,15
UGT73B2,14
UGT73B3,15
UGT73B4,15
UGT73B5,15
UGT73C3,15
UGT73C4,15
UGT73C5,15
UGT73C6,15
UGT74B1,15
UGT74F2,14
UGT75D1,15
UGT76E12,15
UGT76E2,15
UGT76E4,15
UGT78D1,14
UGT78D2,15
UGT84A1,14
UGT84A2,14
UGT84A3,15
UGT84A4,14
UGT84B2,15
UGT85A4,15
UGT89B1,15
