enzyme_id,family_prefix,sequence_exact_status
UGT71B1,UGT71B,exact
UGT71B6,UGT71B,exact
UGT71B8,UGT71B,exact
UGT71C1,UGT71C,exact
UGT71C2,UGT71C,exact
UGT71C3,UGT71C,exact
UGT71C4,UGT71C,exact
UGT71C5,UGT71C,exact
UGT71D1,UGT71D,exact
UGT72B1,UGT72B,exact
UGT72B3,UGT72B,exact
UGT72C1,UGT72C,high_identity_core
UGT72D1,UGT72D,exact
UGT72E1,UGT72E,high_identity_core
UGT72E2,UGT72E,exact
UGT72E3,UGT72E,exact
UGT73B1,UGT73B,exact
UGT73B2,UGT73B,high_identity_core
UGT73B3,UGT73B,exact
UGT73B4,UGT73B,high_identity_core
UGT73B5,UGT73B,exact
UGT73C3,UGT73C,exact
UGT73C4,UGT73C,exact
UGT73C5,UGT73C,exact
UGT73C6,UGT73C,exact
UGT74B1,UGT74B,exact
UGT74F2,UGT74F,exact
UGT75D1,UGT75D,high_identity_core
UGT76E12,UGT76E,high_identity_core
UGT76E2,UGT76E,exact
UGT76E4,UGT76E,exact
UGT78D1,UGT78D,exact
UGT78D2,UGT78D,exact
UGT84A1,UGT84A,high_identity_core
UGT84A2,UGT84A,exact
UGT84A3,UGT84A,exact
UGT84A4,UGT84A,exact
UGT84B2,UGT84B,high_identity_core
UGT85A4,UGT85A,exact
UGT89B1,UGT89B,high_identity_core
