enzyme_id,key14,y_status,m_status,comparable,derived_pair_status
UGT71B1,FXNFHKRTJBSTCS,TESTED_ACTIVE,TESTED_INACTIVE,True,y18_only
UGT71B1,ILEDWLMCKZNDJK,TESTED_ACTIVE,TESTED_ACTIVE,True,double_positive
UGT71B1,IXORZMNAPKEEDV,TESTED_INACTIVE,TESTED_INACTIVE,True,double_not_detected
UGT71B1,IYRMWMYZSQPJKC,TESTED_ACTIVE,TESTED_ACTIVE,True,double_positive
UGT71B1,KSEBMYQBYZTDHS,TESTED_INACTIVE,TESTED_INACTIVE,True,double_not_detected
UGT71B1,KZJWDPNRJALLNS,TESTED_INACTIVE,TESTED_INACTIVE,True,double_not_detected
UGT71B1,ORHBXUUXSCNDEV,TESTED_ACTIVE,TESTED_ACTIVE,True,double_positive
UGT71B1,PCMORTLOPMLEFB,TESTED_INACTIVE,TESTED_INACTIVE,True,double_not_detected
UGT71B1,PQEYTAGBXNEUQL,TESTED_INACTIVE,TESTED_INACTIVE,True,double_not_detected
UGT71B1,QAIPRVGONGVQAS,TESTED_ACTIVE,TESTED_INACTIVE,True,y18_only
UGT71B1,QANMHLXAZMSUEX,TESTED_INACTIVE,TESTED_INACTIVE,True,double_not_detected
UGT71B1,REFJWTPEDVJJIY,TESTED_ACTIVE,TESTED_ACTIVE,True,double_positive
UGT71B1,RODXRVNMMDRFIK,TESTED_ACTIVE,TESTED_ACTIVE,True,double_positive
UGT71B1,TZBJGXHYKVUXJN,TESTED_ACTIVE,TESTED_ACTIVE,True,double_positive
UGT71B1,XHEFDIBZLJXQHF,TESTED_ACTIVE,TESTED_ACTIVE,True,double_positive
UGT71B6,FXNFHKRTJBSTCS,TESTED_ACTIVE,TESTED_INACTIVE,True,y18_only
UGT71B6,ILEDWLMCKZNDJK,TESTED_ACTIVE,TESTED_INACTIVE,True,y18_only
UGT71B6,IXORZMNAPKEEDV,TESTED_INACTIVE,TESTED_INACTIVE,True,double_not_detected
UGT71B6,IYRMWMYZSQPJKC,TESTED_ACTIVE,TESTED_INACTIVE,True,y18_only
UGT71B6,KSEBMYQBYZTDHS,TESTED_INACTIVE,TESTED_INACTIVE,True,double_not_detected
UGT71B6,KZJWDPNRJALLNS,TESTED_INACTIVE,TESTED_INACTIVE,True,double_not_detected
UGT71B6,ORHBXUUXSCNDEV,TESTED_ACTIVE,TESTED_INACTIVE,True,y18_only
UGT71B6,PCMORTLOPMLEFB,TESTED_INACTIVE,TESTED_INACTIVE,True,double_not_detected
UGT71B6,PQEYTAGBXNEUQL,TESTED_ACTIVE,TESTED_INACTIVE,True,y18_only
UGT71B6,QAIPRVGONGVQAS,TESTED_INACTIVE,TESTED_INACTIVE,True,double_not_detected
UGT71B6,QANMHLXAZMSUEX,TESTED_INACTIVE,TESTED_INACTIVE,True,double_not_detected
UGT71B6,REFJWTPEDVJJIY,TESTED_ACTIVE,TESTED_INACTIVE,True,y18_only
UGT71B6,RODXRVNMMDRFIK,TESTED_ACTIVE,TESTED_INACTIVE,True,y18_only
UGT71B6,TZBJGXHYKVUXJN,TESTED_INACTIVE,TESTED_INACTIVE,True,double_not_detected
UGT71B6,XHEFDIBZLJXQHF,TESTED_ACTIVE,TESTED_INACTIVE,True,y18_only
UGT71B8,FXNFHKRTJBSTCS,TESTED_ACTIVE,TESTED_INACTIVE,True,y18_only
UGT71B8,ILEDWLMCKZNDJK,TESTED_ACTIVE,TESTED_ACTIVE,True,double_positive
UGT71B8,IXORZMNAPKEEDV,TESTED_INACTIVE,TESTED_INACTIVE,True,double_not_detected
UGT71B8,IYRMWMYZSQPJKC,TESTED_ACTIVE,TESTED_ACTIVE,True,double_positive
UGT71B8,KSEBMYQBYZTDHS,TESTED_INACTIVE,TESTED_INACTIVE,True,double_not_detected
UGT71B8,KZJWDPNRJALLNS,TESTED_INACTIVE,TESTED_INACTIVE,True,double_not_detected
UGT71B8,ORHBXUUXSCNDEV,TESTED_INACTIVE,TESTED_ACTIVE,True,m25_only
UGT71B8,PCMORTLOPMLEFB,TESTED_INACTIVE,TESTED_INACTIVE,True,double_not_detected
UGT71B8,PQEYTAGBXNEUQL,TESTED_INACTIVE,TESTED_INACTIVE,True,double_not_detected
UGT71B8,QAIPRVGONGVQAS,TESTED_ACTIVE,TESTED_INACTIVE,True,y18_only
UGT71B8,QANMHLXAZMSUEX,TESTED_INACTIVE,TESTED_INACTIVE,True,double_not_detected
UGT71B8,REFJWTPEDVJJIY,TESTED_ACTIVE,TESTED_ACTIVE,True,double_positive
UGT71B8,RODXRVNMMDRFIK,TESTED_ACTIVE,TESTED_ACTIVE,True,double_positive
UGT71B8,TZBJGXHYKVUXJN,TESTED_INACTIVE,TESTED_ACTIVE,True,m25_only
UGT71B8,XHEFDIBZLJXQHF,TESTED_ACTIVE,TESTED_ACTIVE,True,double_positive
UGT71C1,FXNFHKRTJBSTCS,TESTED_INACTIVE,TESTED_INACTIVE,True,double_not_detected
UGT71C1,ILEDWLMCKZNDJK,TESTED_ACTIVE,TESTED_ACTIVE,True,double_positive
UGT71C1,IXORZMNAPKEEDV,TESTED_INACTIVE,TESTED_INACTIVE,True,double_not_detected
UGT71C1,IYRMWMYZSQPJKC,TESTED_ACTIVE,TESTED_ACTIVE,True,double_positive
UGT71C1,KSEBMYQBYZTDHS,TESTED_INACTIVE,TESTED_INACTIVE,True,double_not_detected
UGT71C1,KZJWDPNRJALLNS,TESTED_INACTIVE,TESTED_INACTIVE,True,double_not_detected
UGT71C1,ORHBXUUXSCNDEV,TESTED_INACTIVE,TESTED_ACTIVE,True,m25_only
UGT71C1,PCMORTLOPMLEFB,TESTED_ACTIVE,TESTED_INACTIVE,True,y18_only
UGT71C1,PQEYTAGBXNEUQL,TESTED_INACTIVE,TESTED_INACTIVE,True,double_not_detected
UGT71C1,QAIPRVGONGVQAS,TESTED_ACTIVE,TESTED_INACTIVE,True,y18_only
UGT71C1,QANMHLXAZMSUEX,TESTED_INACTIVE,TESTED_INACTIVE,True,double_not_detected
UGT71C1,REFJWTPEDVJJIY,TESTED_ACTIVE,TESTED_ACTIVE,True,double_positive
UGT71C1,RODXRVNMMDRFIK,TESTED_ACTIVE,TESTED_ACTIVE,True,double_positive
UGT71C1,TZBJGXHYKVUXJN,TESTED_ACTIVE,TESTED_INACTIVE,True,y18_only
UGT71C1,XHEFDIBZLJXQHF,TESTED_ACTIVE,TESTED_ACTIVE,True,double_positive
UGT71C2,FXNFHKRTJBSTCS,TESTED_INACTIVE,TESTED_INACTIVE,True,double_not_detected
UGT71C2,ILEDWLMCKZNDJK,TESTED_ACTIVE,TESTED_ACTIVE,True,double_positive
UGT71C2,IXORZMNAPKEEDV,TESTED_INACTIVE,TESTED_INACTIVE,True,double_not_detected
UGT71C2,IYRMWMYZSQPJKC,TESTED_ACTIVE,TESTED_ACTIVE,True,double_positive
UGT71C2,KSEBMYQBYZTDHS,TESTED_INACTIVE,TESTED_INACTIVE,True,double_not_detected
UGT71C2,KZJWDPNRJALLNS,TESTED_INACTIVE,TESTED_INACTIVE,True,double_not_detected
UGT71C2,ORHBXUUXSCNDEV,TESTED_INACTIVE,TESTED_ACTIVE,True,m25_only
UGT71C2,PCMORTLOPMLEFB,TESTED_ACTIVE,TESTED_INACTIVE,True,y18_only
UGT71C2,PQEYTAGBXNEUQL,TESTED_INACTIVE,TESTED_INACTIVE,True,double_not_detected
UGT71C2,QAIPRVGONGVQAS,TESTED_ACTIVE,TESTED_INACTIVE,True,y18_only
UGT71C2,QANMHLXAZMSUEX,TESTED_INACTIVE,TESTED_INACTIVE,True,double_not_detected
UGT71C2,REFJWTPEDVJJIY,TESTED_ACTIVE,TESTED_ACTIVE,True,double_positive
UGT71C2,RODXRVNMMDRFIK,TESTED_ACTIVE,TESTED_ACTIVE,True,double_positive
UGT71C2,TZBJGXHYKVUXJN,TESTED_INACTIVE,TESTED_ACTIVE,True,m25_only
UGT71C2,XHEFDIBZLJXQHF,TESTED_ACTIVE,TESTED_ACTIVE,True,double_positive
UGT71C3,FXNFHKRTJBSTCS,TESTED_ACTIVE,TESTED_INACTIVE,True,y18_only
UGT71C3,ILEDWLMCKZNDJK,TESTED_ACTIVE,TESTED_ACTIVE,True,double_positive
UGT71C3,IXORZMNAPKEEDV,TESTED_INACTIVE,TESTED_INACTIVE,True,double_not_detected
UGT71C3,IYRMWMYZSQPJKC,TESTED_ACTIVE,TESTED_ACTIVE,True,double_positive
UGT71C3,KSEBMYQBYZTDHS,TESTED_INACTIVE,TESTED_INACTIVE,True,double_not_detected
UGT71C3,KZJWDPNRJALLNS,TESTED_INACTIVE,TESTED_INACTIVE,True,double_not_detected
UGT71C3,ORHBXUUXSCNDEV,TESTED_INACTIVE,TESTED_ACTIVE,True,m25_only
UGT71C3,PCMORTLOPMLEFB,TESTED_INACTIVE,TESTED_INACTIVE,True,double_not_detected
UGT71C3,PQEYTAGBXNEUQL,TESTED_INACTIVE,TESTED_INACTIVE,True,double_not_detected
UGT71C3,QAIPRVGONGVQAS,TESTED_ACTIVE,TESTED_INACTIVE,True,y18_only
UGT71C3,QANMHLXAZMSUEX,TESTED_INACTIVE,TESTED_INACTIVE,True,double_not_detected
UGT71C3,REFJWTPEDVJJIY,TESTED_ACTIVE,TESTED_ACTIVE,True,double_positive
UGT71C3,RODXRVNMMDRFIK,TESTED_ACTIVE,TESTED_ACTIVE,True,double_positive
UGT71C3,TZBJGXHYKVUXJN,TESTED_ACTIVE,TESTED_ACTIVE,True,double_positive
UGT71C3,XHEFDIBZLJXQHF,TESTED_ACTIVE,TESTED_ACTIVE,True,double_positive
UGT71C4,FXNFHKRTJBSTCS,TESTED_ACTIVE,TESTED_INACTIVE,True,y18_only
UGT71C4,ILEDWLMCKZNDJK,TESTED_ACTIVE,TESTED_ACTIVE,True,double_positive
UGT71C4,IXORZMNAPKEEDV,TESTED_INACTIVE,TESTED_INACTIVE,True,double_not_detected
UGT71C4,IYRMWMYZSQPJKC,TESTED_ACTIVE,TESTED_ACTIVE,True,double_positive
UGT71C4,KSEBMYQBYZTDHS,TESTED_INACTIVE,TESTED_INACTIVE,True,double_not_detected
UGT71C4,KZJWDPNRJALLNS,TESTED_INACTIVE,TESTED_INACTIVE,True,double_not_detected
UGT71C4,ORHBXUUXSCNDEV,TESTED_ACTIVE,TESTED_ACTIVE,True,double_positive
UGT71C4,PCMORTLOPMLEFB,TESTED_INACTIVE,TESTED_INACTIVE,True,double_not_detected
UGT71C4,PQEYTAGBXNEUQL,TESTED_INACTIVE,TESTED_INACTIVE,True,double_not_detected
UGT71C4,QAIPRVGONGVQAS,TESTED_ACTIVE,TESTED_INACTIVE,True,y18_only
UGT71C4,QANMHLXAZMSUEX,TESTED_INACTIVE,TESTED_INACTIVE,True,double_not_detected
UGT71C4,REFJWTPEDVJJIY,TESTED_ACTIVE,TESTED_ACTIVE,True,double_positive
UGT71C4,RODXRVNMMDRFIK,TESTED_ACTIVE,TESTED_ACTIVE,True,double_positive
UGT71C4,TZBJGXHYKVUXJN,TESTED_INACTIVE,TESTED_ACTIVE,True,m25_only
UGT71C4,XHEFDIBZLJXQHF,TESTED_ACTIVE,TESTED_ACTIVE,True,double_positive
UGT71C5,FXNFHKRTJBSTCS,TESTED_ACTIVE,TESTED_INACTIVE,True,y18_only
UGT71C5,ILEDWLMCKZNDJK,TESTED_ACTIVE,TESTED_ACTIVE,True,double_positive
UGT71C5,IXORZMNAPKEEDV,TESTED_INACTIVE,TESTED_INACTIVE,True,double_not_detected
UGT71C5,IYRMWMYZSQPJKC,TESTED_ACTIVE,TESTED_ACTIVE,True,double_positive
UGT71C5,KSEBMYQBYZTDHS,TESTED_INACTIVE,TESTED_INACTIVE,True,double_not_detected
UGT71C5,KZJWDPNRJALLNS,TESTED_INACTIVE,TESTED_ACTIVE,True,m25_only
UGT71C5,ORHBXUUXSCNDEV,TESTED_INACTIVE,TESTED_ACTIVE,True,m25_only
UGT71C5,PCMORTLOPMLEFB,TESTED_INACTIVE,TESTED_INACTIVE,True,double_not_detected
UGT71C5,PQEYTAGBXNEUQL,TESTED_INACTIVE,TESTED_INACTIVE,True,double_not_detected
UGT71C5,QAIPRVGONGVQAS,TESTED_INACTIVE,TESTED_INACTIVE,True,double_not_detected
UGT71C5,QANMHLXAZMSUEX,TESTED_INACTIVE,TESTED_INACTIVE,True,double_not_detected
UGT71C5,REFJWTPEDVJJIY,TESTED_ACTIVE,TESTED_ACTIVE,True,double_positive
UGT71C5,RODXRVNMMDRFIK,TESTED_ACTIVE,TESTED_ACTIVE,True,double_positive
UGT71C5,TZBJGXHYKVUXJN,TESTED_INACTIVE,TESTED_ACTIVE,True,m25_only
UGT71C5,XHEFDIBZLJXQHF,TESTED_ACTIVE,TESTED_ACTIVE,True,double_positive
UGT71D1,FXNFHKRTJBSTCS,NOT_TESTED,TESTED_INACTIVE,False,not_comparable
UGT71D1,ILEDWLMCKZNDJK,NOT_TESTED,TESTED_ACTIVE,False,not_comparable
UGT71D1,IXORZMNAPKEEDV,NOT_TESTED,TESTED_INACTIVE,False,not_comparable
UGT71D1,IYRMWMYZSQPJKC,NOT_TESTED,TESTED_ACTIVE,False,not_comparable
UGT71D1,KSEBMYQBYZTDHS,NOT_TESTED,TESTED_INACTIVE,False,not_comparable
UGT71D1,KZJWDPNRJALLNS,NOT_TESTED,TESTED_INACTIVE,False,not_comparable
UGT71D1,ORHBXUUXSCNDEV,NOT_TESTED,TESTED_ACTIVE,False,not_comparable
UGT71D1,PCMORTLOPMLEFB,NOT_TESTED,TESTED_INACTIVE,False,not_comparable
UGT71D1,PQEYTAGBXNEUQL,NOT_TESTED,TESTED_INACTIVE,False,not_comparable
UGT71D1,QAIPRVGONGVQAS,NOT_TESTED,TESTED_INACTIVE,False,not_comparable
UGT71D1,QANMHLXAZMSUEX,NOT_TESTED,TESTED_INACTIVE,False,not_comparable
UGT71D1,REFJWTPEDVJJIY,NOT_TESTED,TESTED_ACTIVE,False,not_comparable
UGT71D1,RODXRVNMMDRFIK,TESTED_ACTIVE,TESTED_ACTIVE,True,double_positive
UGT71D1,TZBJGXHYKVUXJN,NOT_TESTED,TESTED_ACTIVE,False,not_comparable
UGT71D1,XHEFDIBZLJXQHF,NOT_TESTED,TESTED_ACTIVE,False,not_comparable
UGT72B1,FXNFHKRTJBSTCS,TESTED_INACTIVE,TESTED_INACTIVE,True,double_not_detected
UGT72B1,ILEDWLMCKZNDJK,TESTED_ACTIVE,TESTED_ACTIVE,True,double_positive
UGT72B1,IXORZMNAPKEEDV,TESTED_INACTIVE,TESTED_INACTIVE,True,double_not_detected
UGT72B1,IYRMWMYZSQPJKC,TESTED_INACTIVE,TESTED_ACTIVE,True,m25_only
UGT72B1,KSEBMYQBYZTDHS,TESTED_INACTIVE,TESTED_INACTIVE,True,double_not_detected
UGT72B1,KZJWDPNRJALLNS,NOT_TESTED,TESTED_INACTIVE,False,not_comparable
UGT72B1,ORHBXUUXSCNDEV,TESTED_ACTIVE,TESTED_ACTIVE,True,double_positive
UGT72B1,PCMORTLOPMLEFB,TESTED_INACTIVE,TESTED_INACTIVE,True,double_not_detected
UGT72B1,PQEYTAGBXNEUQL,TESTED_ACTIVE,TESTED_INACTIVE,True,y18_only
UGT72B1,QAIPRVGONGVQAS,TESTED_INACTIVE,TESTED_INACTIVE,True,double_not_detected
UGT72B1,QANMHLXAZMSUEX,TESTED_INACTIVE,TESTED_INACTIVE,True,double_not_detected
UGT72B1,REFJWTPEDVJJIY,TESTED_INACTIVE,TESTED_ACTIVE,True,m25_only
UGT72B1,RODXRVNMMDRFIK,TESTED_ACTIVE,TESTED_ACTIVE,True,double_positive
UGT72B1,TZBJGXHYKVUXJN,NOT_TESTED,TESTED_ACTIVE,False,not_comparable
UGT72B1,XHEFDIBZLJXQHF,TESTED_INACTIVE,TESTED_ACTIVE,True,m25_only
UGT72B3,FXNFHKRTJBSTCS,TESTED_INACTIVE,TESTED_ACTIVE,True,m25_only
UGT72B3,ILEDWLMCKZNDJK,TESTED_ACTIVE,TESTED_ACTIVE,True,double_positive
UGT72B3,IXORZMNAPKEEDV,TESTED_INACTIVE,TESTED_INACTIVE,True,double_not_detected
UGT72B3,IYRMWMYZSQPJKC,TESTED_ACTIVE,TESTED_ACTIVE,True,double_positive
UGT72B3,KSEBMYQBYZTDHS,TESTED_INACTIVE,TESTED_INACTIVE,True,double_not_detected
UGT72B3,KZJWDPNRJALLNS,TESTED_INACTIVE,TESTED_ACTIVE,True,m25_only
UGT72B3,ORHBXUUXSCNDEV,TESTED_INACTIVE,TESTED_ACTIVE,True,m25_only
UGT72B3,PCMORTLOPMLEFB,TESTED_INACTIVE,TESTED_INACTIVE,True,double_not_detected
UGT72B3,PQEYTAGBXNEUQL,TESTED_INACTIVE,TESTED_INACTIVE,True,double_not_detected
UGT72B3,QAIPRVGONGVQAS,TESTED_INACTIVE,TESTED_INACTIVE,True,double_not_detected
UGT72B3,QANMHLXAZMSUEX,TESTED_INACTIVE,TESTED_INACTIVE,True,double_not_detected
UGT72B3,REFJWTPEDVJJIY,TESTED_ACTIVE,TESTED_INACTIVE,True,y18_only
UGT72B3,RODXRVNMMDRFIK,TESTED_ACTIVE,TESTED_ACTIVE,True,double_positive
UGT72B3,TZBJGXHYKVUXJN,TESTED_INACTIVE,TESTED_INACTIVE,True,double_not_detected
UGT72B3,XHEFDIBZLJXQHF,TESTED_ACTIVE,TESTED_ACTIVE,True,double_positive
UGT72C1,FXNFHKRTJBSTCS,TESTED_INACTIVE,TESTED_INACTIVE,True,double_not_detected
UGT72C1,ILEDWLMCKZNDJK,TESTED_ACTIVE,TESTED_ACTIVE,True,double_positive
UGT72C1,IXORZMNAPKEEDV,TESTED_INACTIVE,TESTED_INACTIVE,True,double_not_detected
UGT72C1,IYRMWMYZSQPJKC,TESTED_INACTIVE,TESTED_INACTIVE,True,double_not_detected
UGT72C1,KSEBMYQBYZTDHS,TESTED_INACTIVE,TESTED_INACTIVE,True,double_not_detected
UGT72C1,KZJWDPNRJALLNS,TESTED_INACTIVE,TESTED_INACTIVE,True,double_not_detected
UGT72C1,ORHBXUUXSCNDEV,TESTED_INACTIVE,TESTED_INACTIVE,True,double_not_detected
UGT72C1,PCMORTLOPMLEFB,TESTED_INACTIVE,TESTED_INACTIVE,True,double_not_detected
UGT72C1,PQEYTAGBXNEUQL,TESTED_INACTIVE,TESTED_INACTIVE,True,double_not_detected
UGT72C1,QAIPRVGONGVQAS,TESTED_INACTIVE,TESTED_INACTIVE,True,double_not_detected
UGT72C1,QANMHLXAZMSUEX,TESTED_INACTIVE,TESTED_INACTIVE,True,double_not_detected
UGT72C1,REFJWTPEDVJJIY,TESTED_INACTIVE,TESTED_ACTIVE,True,m25_only
UGT72C1,RODXRVNMMDRFIK,TESTED_ACTIVE,TESTED_ACTIVE,True,double_positive
UGT72C1,TZBJGXHYKVUXJN,TESTED_INACTIVE,TESTED_ACTIVE,True,m25_only
UGT72C1,XHEFDIBZLJXQHF,TESTED_INACTIVE,TESTED_ACTIVE,True,m25_only
UGT72D1,FXNFHKRTJBSTCS,TESTED_INACTIVE,TESTED_INACTIVE,True,double_not_detected
UGT72D1,ILEDWLMCKZNDJK,TESTED_ACTIVE,TESTED_ACTIVE,True,double_positive
UGT72D1,IXORZMNAPKEEDV,TESTED_INACTIVE,TESTED_INACTIVE,True,double_not_detected
UGT72D1,IYRMWMYZSQPJKC,TESTED_ACTIVE,TESTED_INACTIVE,True,y18_only
UGT72D1,KSEBMYQBYZTDHS,TESTED_INACTIVE,TESTED_INACTIVE,True,double_not_detected
UGT72D1,KZJWDPNRJALLNS,TESTED_INACTIVE,TESTED_ACTIVE,True,m25_only
UGT72D1,ORHBXUUXSCNDEV,TESTED_INACTIVE,TESTED_INACTIVE,True,double_not_detected
UGT72D1,PCMORTLOPMLEFB,TESTED_INACTIVE,TESTED_INACTIVE,True,double_not_detected
UGT72D1,PQEYTAGBXNEUQL,TESTED_INACTIVE,TESTED_INACTIVE,True,double_not_detected
UGT72D1,QAIPRVGONGVQAS,TESTED_INACTIVE,TESTED_INACTIVE,True,double_not_detected
UGT72D1,QANMHLXAZMSUEX,TESTED_INACTIVE,TESTED_INACTIVE,True,double_not_detected
UGT72D1,REFJWTPEDVJJIY,TESTED_ACTIVE,TESTED_ACTIVE,True,double_positive
UGT72D1,RODXRVNMMDRFIK,TESTED_ACTIVE,TESTED_ACTIVE,True,double_positive
UGT72D1,TZBJGXHYKVUXJN,TESTED_ACTIVE,TESTED_ACTIVE,True,double_positive
UGT72D1,XHEFDIBZLJXQHF,TESTED_ACTIVE,TESTED_ACTIVE,True,double_positive
UGT72E1,FXNFHKRTJBSTCS,TESTED_INACTIVE,TESTED_INACTIVE,True,double_not_detected
UGT72E1,ILEDWLMCKZNDJK,TESTED_ACTIVE,TESTED_ACTIVE,True,double_positive
UGT72E1,IXORZMNAPKEEDV,TESTED_INACTIVE,TESTED_INACTIVE,True,double_not_detected
UGT72E1,IYRMWMYZSQPJKC,TESTED_ACTIVE,TESTED_ACTIVE,True,double_positive
UGT72E1,KSEBMYQBYZTDHS,TESTED_INACTIVE,TESTED_INACTIVE,True,double_not_detected
UGT72E1,KZJWDPNRJALLNS,TESTED_INACTIVE,TESTED_INACTIVE,True,double_not_detected
UGT72E1,ORHBXUUXSCNDEV,TESTED_INACTIVE,TESTED_ACTIVE,True,m25_only
UGT72E1,PCMORTLOPMLEFB,TESTED_INACTIVE,TESTED_INACTIVE,True,double_not_detected
UGT72E1,PQEYTAGBXNEUQL,TESTED_INACTIVE,TESTED_INACTIVE,True,double_not_detected
UGT72E1,QAIPRVGONGVQAS,TESTED_INACTIVE,TESTED_INACTIVE,True,double_not_detected
UGT72E1,QANMHLXAZMSUEX,TESTED_INACTIVE,TESTED_INACTIVE,True,double_not_detected
UGT72E1,REFJWTPEDVJJIY,TESTED_ACTIVE,TESTED_ACTIVE,True,double_positive
UGT72E1,RODXRVNMMDRFIK,TESTED_ACTIVE,TESTED_ACTIVE,True,double_positive
UGT72E1,TZBJGXHYKVUXJN,TESTED_INACTIVE,TESTED_ACTIVE,True,m25_only
UGT72E1,XHEFDIBZLJXQHF,TESTED_ACTIVE,TESTED_ACTIVE,True,double_positive
UGT72E2,FXNFHKRTJBSTCS,TESTED_INACTIVE,TESTED_INACTIVE,True,double_not_detected
UGT72E2,ILEDWLMCKZNDJK,TESTED_ACTIVE,TESTED_ACTIVE,True,double_positive
UGT72E2,IXORZMNAPKEEDV,TESTED_INACTIVE,TESTED_INACTIVE,True,double_not_detected
UGT72E2,IYRMWMYZSQPJKC,TESTED_INACTIVE,TESTED_ACTIVE,True,m25_only
UGT72E2,KSEBMYQBYZTDHS,TESTED_ACTIVE,TESTED_ACTIVE,True,double_positive
UGT72E2,KZJWDPNRJALLNS,TESTED_INACTIVE,TESTED_INACTIVE,True,double_not_detected
UGT72E2,ORHBXUUXSCNDEV,TESTED_INACTIVE,TESTED_ACTIVE,True,m25_only
UGT72E2,PCMORTLOPMLEFB,TESTED_ACTIVE,TESTED_INACTIVE,True,y18_only
UGT72E2,PQEYTAGBXNEUQL,TESTED_INACTIVE,TESTED_INACTIVE,True,double_not_detected
UGT72E2,QAIPRVGONGVQAS,TESTED_ACTIVE,TESTED_INACTIVE,True,y18_only
UGT72E2,QANMHLXAZMSUEX,TESTED_INACTIVE,TESTED_INACTIVE,True,double_not_detected
UGT72E2,REFJWTPEDVJJIY,TESTED_INACTIVE,TESTED_ACTIVE,True,m25_only
UGT72E2,RODXRVNMMDRFIK,TESTED_ACTIVE,TESTED_ACTIVE,True,double_positive
UGT72E2,TZBJGXHYKVUXJN,TESTED_INACTIVE,TESTED_ACTIVE,True,m25_only
UGT72E2,XHEFDIBZLJXQHF,TESTED_INACTIVE,TESTED_ACTIVE,True,m25_only
UGT72E3,FXNFHKRTJBSTCS,TESTED_INACTIVE,TESTED_INACTIVE,True,double_not_detected
UGT72E3,ILEDWLMCKZNDJK,TESTED_ACTIVE,TESTED_INACTIVE,True,y18_only
UGT72E3,IXORZMNAPKEEDV,TESTED_INACTIVE,TESTED_INACTIVE,True,double_not_detected
UGT72E3,IYRMWMYZSQPJKC,TESTED_INACTIVE,TESTED_INACTIVE,True,double_not_detected
UGT72E3,KSEBMYQBYZTDHS,TESTED_ACTIVE,TESTED_INACTIVE,True,y18_only
UGT72E3,KZJWDPNRJALLNS,TESTED_INACTIVE,TESTED_INACTIVE,True,double_not_detected
UGT72E3,ORHBXUUXSCNDEV,TESTED_INACTIVE,TESTED_INACTIVE,True,double_not_detected
UGT72E3,PCMORTLOPMLEFB,TESTED_ACTIVE,TESTED_INACTIVE,True,y18_only
UGT72E3,PQEYTAGBXNEUQL,TESTED_INACTIVE,TESTED_INACTIVE,True,double_not_detected
UGT72E3,QAIPRVGONGVQAS,TESTED_ACTIVE,TESTED_INACTIVE,True,y18_only
UGT72E3,QANMHLXAZMSUEX,TESTED_INACTIVE,TESTED_INACTIVE,True,double_not_detected
UGT72E3,REFJWTPEDVJJIY,TESTED_INACTIVE,TESTED_INACTIVE,True,double_not_detected
UGT72E3,RODXRVNMMDRFIK,TESTED_ACTIVE,TESTED_INACTIVE,True,y18_only
UGT72E3,TZBJGXHYKVUXJN,TESTED_INACTIVE,TESTED_INACTIVE,True,double_not_detected
UGT72E3,XHEFDIBZLJXQHF,TESTED_INACTIVE,TESTED_INACTIVE,True,double_not_detected
UGT73B1,FXNFHKRTJBSTCS,TESTED_ACTIVE,TESTED_ACTIVE,True,double_positive
UGT73B1,ILEDWLMCKZNDJK,TESTED_ACTIVE,TESTED_ACTIVE,True,double_positive
UGT73B1,IXORZMNAPKEEDV,TESTED_INACTIVE,TESTED_INACTIVE,True,double_not_detected
UGT73B1,IYRMWMYZSQPJKC,TESTED_ACTIVE,TESTED_ACTIVE,True,double_positive
UGT73B1,KSEBMYQBYZTDHS,TESTED_INACTIVE,TESTED_INACTIVE,True,double_not_detected
UGT73B1,KZJWDPNRJALLNS,TESTED_INACTIVE,TESTED_INACTIVE,True,double_not_detected
UGT73B1,ORHBXUUXSCNDEV,TESTED_ACTIVE,TESTED_ACTIVE,True,double_positive
UGT73B1,PCMORTLOPMLEFB,TESTED_ACTIVE,TESTED_INACTIVE,True,y18_only
UGT73B1,PQEYTAGBXNEUQL,TESTED_INACTIVE,TESTED_INACTIVE,True,double_not_detected
UGT73B1,QAIPRVGONGVQAS,TESTED_INACTIVE,TESTED_INACTIVE,True,double_not_detected
UGT73B1,QANMHLXAZMSUEX,TESTED_INACTIVE,TESTED_INACTIVE,True,double_not_detected
UGT73B1,REFJWTPEDVJJIY,TESTED_ACTIVE,TESTED_ACTIVE,True,double_positive
UGT73B1,RODXRVNMMDRFIK,TESTED_ACTIVE,TESTED_ACTIVE,True,double_positive
UGT73B1,TZBJGXHYKVUXJN,TESTED_INACTIVE,TESTED_ACTIVE,True,m25_only
UGT73B1,XHEFDIBZLJXQHF,TESTED_ACTIVE,TESTED_ACTIVE,True,double_positive
UGT73B2,FXNFHKRTJBSTCS,TESTED_ACTIVE,TESTED_INACTIVE,True,y18_only
UGT73B2,ILEDWLMCKZNDJK,TESTED_ACTIVE,TESTED_ACTIVE,True,double_positive
UGT73B2,IXORZMNAPKEEDV,TESTED_INACTIVE,TESTED_INACTIVE,True,double_not_detected
UGT73B2,IYRMWMYZSQPJKC,TESTED_ACTIVE,TESTED_ACTIVE,True,double_positive
UGT73B2,KSEBMYQBYZTDHS,TESTED_INACTIVE,TESTED_INACTIVE,True,double_not_detected
UGT73B2,KZJWDPNRJALLNS,TESTED_INACTIVE,TESTED_INACTIVE,True,double_not_detected
UGT73B2,ORHBXUUXSCNDEV,TESTED_INACTIVE,TESTED_ACTIVE,True,m25_only
UGT73B2,PCMORTLOPMLEFB,TESTED_INACTIVE,TESTED_INACTIVE,True,double_not_detected
UGT73B2,PQEYTAGBXNEUQL,TESTED_INACTIVE,TESTED_INACTIVE,True,double_not_detected
UGT73B2,QAIPRVGONGVQAS,TESTED_INACTIVE,TESTED_INACTIVE,True,double_not_detected
UGT73B2,QANMHLXAZMSUEX,TESTED_INACTIVE,TESTED_INACTIVE,True,double_not_detected
UGT73B2,REFJWTPEDVJJIY,TESTED_ACTIVE,TESTED_ACTIVE,True,double_positive
UGT73B2,RODXRVNMMDRFIK,NOT_TESTED,TESTED_ACTIVE,False,not_comparable
UGT73B2,TZBJGXHYKVUXJN,TESTED_ACTIVE,TESTED_ACTIVE,True,double_positive
UGT73B2,XHEFDIBZLJXQHF,TESTED_ACTIVE,TESTED_ACTIVE,True,double_positive
UGT73B3,FXNFHKRTJBSTCS,TESTED_ACTIVE,TESTED_ACTIVE,True,double_positive
UGT73B3,ILEDWLMCKZNDJK,TESTED_ACTIVE,TESTED_ACTIVE,True,double_positive
UGT73B3,IXORZMNAPKEEDV,TESTED_INACTIVE,TESTED_INACTIVE,True,double_not_detected
UGT73B3,IYRMWMYZSQPJKC,TESTED_ACTIVE,TESTED_ACTIVE,True,double_positive
UGT73B3,KSEBMYQBYZTDHS,TESTED_ACTIVE,TESTED_INACTIVE,True,y18_only
UGT73B3,KZJWDPNRJALLNS,TESTED_INACTIVE,TESTED_INACTIVE,True,double_not_detected
UGT73B3,ORHBXUUXSCNDEV,TESTED_INACTIVE,TESTED_ACTIVE,True,m25_only
UGT73B3,PCMORTLOPMLEFB,TESTED_ACTIVE,TESTED_INACTIVE,True,y18_only
UGT73B3,PQEYTAGBXNEUQL,TESTED_INACTIVE,TESTED_INACTIVE,True,double_not_detected
UGT73B3,QAIPRVGONGVQAS,TESTED_ACTIVE,TESTED_INACTIVE,True,y18_only
UGT73B3,QANMHLXAZMSUEX,TESTED_INACTIVE,TESTED_INACTIVE,True,double_not_detected
UGT73B3,REFJWTPEDVJJIY,TESTED_ACTIVE,TESTED_ACTIVE,True,double_positive
UGT73B3,RODXRVNMMDRFIK,TESTED_ACTIVE,TESTED_ACTIVE,True,double_positive
UGT73B3,TZBJGXHYKVUXJN,TESTED_INACTIVE,TESTED_ACTIVE,True,m25_only
UGT73B3,XHEFDIBZLJXQHF,TESTED_ACTIVE,TESTED_ACTIVE,True,double_positive
UGT73B4,FXNFHKRTJBSTCS,TESTED_ACTIVE,TESTED_ACTIVE,True,double_positive
UGT73B4,ILEDWLMCKZNDJK,TESTED_ACTIVE,TESTED_ACTIVE,True,double_positive
UGT73B4,IXORZMNAPKEEDV,TESTED_INACTIVE,TESTED_INACTIVE,True,double_not_detected
UGT73B4,IYRMWMYZSQPJKC,TESTED_ACTIVE,TESTED_ACTIVE,True,double_positive
UGT73B4,KSEBMYQBYZTDHS,TESTED_INACTIVE,TESTED_INACTIVE,True,double_not_detected
UGT73B4,KZJWDPNRJALLNS,TESTED_INACTIVE,TESTED_INACTIVE,True,double_not_detected
UGT73B4,ORHBXUUXSCNDEV,TESTED_INACTIVE,TESTED_ACTIVE,True,m25_only
UGT73B4,PCMORTLOPMLEFB,TESTED_INACTIVE,TESTED_INACTIVE,True,double_not_detected
UGT73B4,PQEYTAGBXNEUQL,TESTED_INACTIVE,TESTED_INACTIVE,True,double_not_detected
UGT73B4,QAIPRVGONGVQAS,TESTED_INACTIVE,TESTED_INACTIVE,True,double_not_detected
UGT73B4,QANMHLXAZMSUEX,TESTED_INACTIVE,TESTED_INACTIVE,True,double_not_detected
UGT73B4,REFJWTPEDVJJIY,TESTED_ACTIVE,TESTED_ACTIVE,True,double_positive
UGT73B4,RODXRVNMMDRFIK,TESTED_ACTIVE,TESTED_ACTIVE,True,double_positive
UGT73B4,TZBJGXHYKVUXJN,TESTED_ACTIVE,TESTED_ACTIVE,True,double_positive
UGT73B4,XHEFDIBZLJXQHF,TESTED_ACTIVE,TESTED_ACTIVE,True,double_positive
UGT73B5,FXNFHKRTJBSTCS,TESTED_ACTIVE,TESTED_INACTIVE,True,y18_only
UGT73B5,ILEDWLMCKZNDJK,TESTED_ACTIVE,TESTED_ACTIVE,True,double_positive
UGT73B5,IXORZMNAPKEEDV,TESTED_INACTIVE,TESTED_INACTIVE,True,double_not_detected
UGT73B5,IYRMWMYZSQPJKC,TESTED_ACTIVE,TESTED_ACTIVE,True,double_positive
UGT73B5,KSEBMYQBYZTDHS,TESTED_ACTIVE,TESTED_INACTIVE,True,y18_only
UGT73B5,KZJWDPNRJALLNS,TESTED_INACTIVE,TESTED_INACTIVE,True,double_not_detected
UGT73B5,ORHBXUUXSCNDEV,TESTED_INACTIVE,TESTED_ACTIVE,True,m25_only
UGT73B5,PCMORTLOPMLEFB,TESTED_INACTIVE,TESTED_INACTIVE,True,double_not_detected
UGT73B5,PQEYTAGBXNEUQL,TESTED_INACTIVE,TESTED_INACTIVE,True,double_not_detected
UGT73B5,QAIPRVGONGVQAS,TESTED_ACTIVE,TESTED_INACTIVE,True,y18_only
UGT73B5,QANMHLXAZMSUEX,TESTED_INACTIVE,TESTED_INACTIVE,True,double_not_detected
UGT73B5,REFJWTPEDVJJIY,TESTED_ACTIVE,TESTED_ACTIVE,True,double_positive
UGT73B5,RODXRVNMMDRFIK,TESTED_ACTIVE,TESTED_ACTIVE,True,double_positive
UGT73B5,TZBJGXHYKVUXJN,TESTED_ACTIVE,TESTED_ACTIVE,True,double_positive
UGT73B5,XHEFDIBZLJXQHF,TESTED_ACTIVE,TESTED_ACTIVE,True,double_positive
UGT73C3,FXNFHKRTJBSTCS,TESTED_ACTIVE,TESTED_INACTIVE,True,y18_only
UGT73C3,ILEDWLMCKZNDJK,TESTED_ACTIVE,TESTED_ACTIVE,True,double_positive
UGT73C3,IXORZMNAPKEEDV,TESTED_INACTIVE,TESTED_INACTIVE,True,double_not_detected
UGT73C3,IYRMWMYZSQPJKC,TESTED_ACTIVE,TESTED_ACTIVE,True,double_positive
UGT73C3,KSEBMYQBYZTDHS,TESTED_INACTIVE,TESTED_INACTIVE,True,double_not_detected
UGT73C3,KZJWDPNRJALLNS,TESTED_INACTIVE,TESTED_ACTIVE,True,m25_only
UGT73C3,ORHBXUUXSCNDEV,TESTED_INACTIVE,TESTED_ACTIVE,True,m25_only
UGT73C3,PCMORTLOPMLEFB,TESTED_INACTIVE,TESTED_INACTIVE,True,double_not_detected
UGT73C3,PQEYTAGBXNEUQL,TESTED_INACTIVE,TESTED_INACTIVE,True,double_not_detected
UGT73C3,QAIPRVGONGVQAS,TESTED_INACTIVE,TESTED_INACTIVE,True,double_not_detected
UGT73C3,QANMHLXAZMSUEX,TESTED_INACTIVE,TESTED_INACTIVE,True,double_not_detected
UGT73C3,REFJWTPEDVJJIY,TESTED_ACTIVE,TESTED_ACTIVE,True,double_positive
UGT73C3,RODXRVNMMDRFIK,TESTED_ACTIVE,TESTED_ACTIVE,True,double_positive
UGT73C3,TZBJGXHYKVUXJN,TESTED_ACTIVE,TESTED_ACTIVE,True,double_positive
UGT73C3,XHEFDIBZLJXQHF,TESTED_ACTIVE,TESTED_ACTIVE,True,double_positive
UGT73C4,FXNFHKRTJBSTCS,TESTED_INACTIVE,TESTED_INACTIVE,True,double_not_detected
UGT73C4,ILEDWLMCKZNDJK,TESTED_INACTIVE,TESTED_ACTIVE,True,m25_only
UGT73C4,IXORZMNAPKEEDV,TESTED_INACTIVE,TESTED_INACTIVE,True,double_not_detected
UGT73C4,IYRMWMYZSQPJKC,TESTED_ACTIVE,TESTED_INACTIVE,True,y18_only
UGT73C4,KSEBMYQBYZTDHS,TESTED_INACTIVE,TESTED_INACTIVE,True,double_not_detected
UGT73C4,KZJWDPNRJALLNS,TESTED_INACTIVE,TESTED_INACTIVE,True,double_not_detected
UGT73C4,ORHBXUUXSCNDEV,TESTED_INACTIVE,TESTED_ACTIVE,True,m25_only
UGT73C4,PCMORTLOPMLEFB,TESTED_INACTIVE,TESTED_INACTIVE,True,double_not_detected
UGT73C4,PQEYTAGBXNEUQL,TESTED_INACTIVE,TESTED_INACTIVE,True,double_not_detected
UGT73C4,QAIPRVGONGVQAS,TESTED_INACTIVE,TESTED_INACTIVE,True,double_not_detected
UGT73C4,QANMHLXAZMSUEX,TESTED_INACTIVE,TESTED_INACTIVE,True,double_not_detected
UGT73C4,REFJWTPEDVJJIY,TESTED_ACTIVE,TESTED_ACTIVE,True,double_positive
UGT73C4,RODXRVNMMDRFIK,TESTED_INACTIVE,TESTED_ACTIVE,True,m25_only
UGT73C4,TZBJGXHYKVUXJN,TESTED_INACTIVE,TESTED_ACTIVE,True,m25_only
UGT73C4,XHEFDIBZLJXQHF,TESTED_ACTIVE,TESTED_INACTIVE,True,y18_only
UGT73C5,FXNFHKRTJBSTCS,TESTED_ACTIVE,TESTED_INACTIVE,True,y18_only
UGT73C5,ILEDWLMCKZNDJK,TESTED_ACTIVE,TESTED_ACTIVE,True,double_positive
UGT73C5,IXORZMNAPKEEDV,TESTED_INACTIVE,TESTED_INACTIVE,True,double_not_detected
UGT73C5,IYRMWMYZSQPJKC,TESTED_ACTIVE,TESTED_ACTIVE,True,double_positive
UGT73C5,KSEBMYQBYZTDHS,TESTED_INACTIVE,TESTED_INACTIVE,True,double_not_detected
UGT73C5,KZJWDPNRJALLNS,TESTED_INACTIVE,TESTED_ACTIVE,True,m25_only
UGT73C5,ORHBXUUXSCNDEV,TESTED_ACTIVE,TESTED_ACTIVE,True,double_positive
UGT73C5,PCMORTLOPMLEFB,TESTED_INACTIVE,TESTED_INACTIVE,True,double_not_detected
UGT73C5,PQEYTAGBXNEUQL,TESTED_INACTIVE,TESTED_INACTIVE,True,double_not_detected
UGT73C5,QAIPRVGONGVQAS,TESTED_INACTIVE,TESTED_INACTIVE,True,double_not_detected
UGT73C5,QANMHLXAZMSUEX,TESTED_INACTIVE,TESTED_INACTIVE,True,double_not_detected
UGT73C5,REFJWTPEDVJJIY,TESTED_ACTIVE,TESTED_ACTIVE,True,double_positive
UGT73C5,RODXRVNMMDRFIK,TESTED_ACTIVE,TESTED_ACTIVE,True,double_positive
UGT73C5,TZBJGXHYKVUXJN,TESTED_ACTIVE,TESTED_ACTIVE,True,double_positive
UGT73C5,XHEFDIBZLJXQHF,TESTED_ACTIVE,TESTED_ACTIVE,True,double_positive
UGT73C6,FXNFHKRTJBSTCS,TESTED_ACTIVE,TESTED_INACTIVE,True,y18_only
UGT73C6,ILEDWLMCKZNDJK,TESTED_ACTIVE,TESTED_ACTIVE,True,double_positive
UGT73C6,IXORZMNAPKEEDV,TESTED_INACTIVE,TESTED_INACTIVE,True,double_not_detected
UGT73C6,IYRMWMYZSQPJKC,TESTED_ACTIVE,TESTED_ACTIVE,True,double_positive
UGT73C6,KSEBMYQBYZTDHS,TESTED_INACTIVE,TESTED_INACTIVE,True,double_not_detected
UGT73C6,KZJWDPNRJALLNS,TESTED_INACTIVE,TESTED_INACTIVE,True,double_not_detected
UGT73C6,ORHBXUUXSCNDEV,TESTED_ACTIVE,TESTED_ACTIVE,True,double_positive
UGT73C6,PCMORTLOPMLEFB,TESTED_INACTIVE,TESTED_INACTIVE,True,double_not_detected
UGT73C6,PQEYTAGBXNEUQL,TESTED_INACTIVE,TESTED_INACTIVE,True,double_not_detected
UGT73C6,QAIPRVGONGVQAS,TESTED_INACTIVE,TESTED_INACTIVE,True,double_not_detected
UGT73C6,QANMHLXAZMSUEX,TESTED_INACTIVE,TESTED_INACTIVE,True,double_not_detected
UGT73C6,REFJWTPEDVJJIY,TESTED_ACTIVE,TESTED_ACTIVE,True,double_positive
UGT73C6,RODXRVNMMDRFIK,TESTED_ACTIVE,TESTED_ACTIVE,True,double_positive
UGT73C6,TZBJGXHYKVUXJN,TESTED_ACTIVE,TESTED_ACTIVE,True,double_positive
UGT73C6,XHEFDIBZLJXQHF,TESTED_ACTIVE,TESTED_INACTIVE,True,y18_only
UGT74B1,FXNFHKRTJBSTCS,TESTED_INACTIVE,TESTED_INACTIVE,True,double_not_detected
UGT74B1,ILEDWLMCKZNDJK,TESTED_ACTIVE,TESTED_ACTIVE,True,double_positive
UGT74B1,IXORZMNAPKEEDV,TESTED_INACTIVE,TESTED_INACTIVE,True,double_not_detected
UGT74B1,IYRMWMYZSQPJKC,TESTED_ACTIVE,TESTED_INACTIVE,True,y18_only
UGT74B1,KSEBMYQBYZTDHS,TESTED_INACTIVE,TESTED_INACTIVE,True,double_not_detected
UGT74B1,KZJWDPNRJALLNS,TESTED_INACTIVE,TESTED_ACTIVE,True,m25_only
UGT74B1,ORHBXUUXSCNDEV,TESTED_ACTIVE,TESTED_ACTIVE,True,double_positive
UGT74B1,PCMORTLOPMLEFB,TESTED_INACTIVE,TESTED_INACTIVE,True,double_not_detected
UGT74B1,PQEYTAGBXNEUQL,TESTED_INACTIVE,TESTED_INACTIVE,True,double_not_detected
UGT74B1,QAIPRVGONGVQAS,TESTED_INACTIVE,TESTED_INACTIVE,True,double_not_detected
UGT74B1,QANMHLXAZMSUEX,TESTED_INACTIVE,TESTED_INACTIVE,True,double_not_detected
UGT74B1,REFJWTPEDVJJIY,TESTED_ACTIVE,TESTED_INACTIVE,True,y18_only
UGT74B1,RODXRVNMMDRFIK,TESTED_ACTIVE,TESTED_ACTIVE,True,double_positive
UGT74B1,TZBJGXHYKVUXJN,TESTED_ACTIVE,TESTED_ACTIVE,True,double_positive
UGT74B1,XHEFDIBZLJXQHF,TESTED_ACTIVE,TESTED_INACTIVE,True,y18_only
UGT74F2,FXNFHKRTJBSTCS,TESTED_ACTIVE,TESTED_INACTIVE,True,y18_only
UGT74F2,ILEDWLMCKZNDJK,TESTED_ACTIVE,TESTED_ACTIVE,True,double_positive
UGT74F2,IXORZMNAPKEEDV,TESTED_INACTIVE,TESTED_INACTIVE,True,double_not_detected
UGT74F2,IYRMWMYZSQPJKC,TESTED_ACTIVE,TESTED_ACTIVE,True,double_positive
UGT74F2,KSEBMYQBYZTDHS,TESTED_INACTIVE,TESTED_INACTIVE,True,double_not_detected
UGT74F2,KZJWDPNRJALLNS,NOT_TESTED,TESTED_INACTIVE,False,not_comparable
UGT74F2,ORHBXUUXSCNDEV,TESTED_ACTIVE,TESTED_ACTIVE,True,double_positive
UGT74F2,PCMORTLOPMLEFB,TESTED_INACTIVE,TESTED_INACTIVE,True,double_not_detected
UGT74F2,PQEYTAGBXNEUQL,TESTED_INACTIVE,TESTED_INACTIVE,True,double_not_detected
UGT74F2,QAIPRVGONGVQAS,TESTED_INACTIVE,TESTED_INACTIVE,True,double_not_detected
UGT74F2,QANMHLXAZMSUEX,TESTED_INACTIVE,TESTED_INACTIVE,True,double_not_detected
UGT74F2,REFJWTPEDVJJIY,TESTED_ACTIVE,TESTED_ACTIVE,True,double_positive
UGT74F2,RODXRVNMMDRFIK,TESTED_ACTIVE,TESTED_ACTIVE,True,double_positive
UGT74F2,TZBJGXHYKVUXJN,TESTED_ACTIVE,TESTED_ACTIVE,True,double_positive
UGT74F2,XHEFDIBZLJXQHF,TESTED_ACTIVE,TESTED_INACTIVE,True,y18_only
UGT75D1,FXNFHKRTJBSTCS,TESTED_INACTIVE,TESTED_INACTIVE,True,double_not_detected
UGT75D1,ILEDWLMCKZNDJK,TESTED_ACTIVE,TESTED_INACTIVE,True,y18_only
UGT75D1,IXORZMNAPKEEDV,TESTED_INACTIVE,TESTED_INACTIVE,True,double_not_detected
UGT75D1,IYRMWMYZSQPJKC,TESTED_ACTIVE,TESTED_INACTIVE,True,y18_only
UGT75D1,KSEBMYQBYZTDHS,TESTED_ACTIVE,TESTED_INACTIVE,True,y18_only
UGT75D1,KZJWDPNRJALLNS,TESTED_INACTIVE,TESTED_INACTIVE,True,double_not_detected
UGT75D1,ORHBXUUXSCNDEV,TESTED_INACTIVE,TESTED_ACTIVE,True,m25_only
UGT75D1,PCMORTLOPMLEFB,TESTED_INACTIVE,TESTED_INACTIVE,True,double_not_detected
UGT75D1,PQEYTAGBXNEUQL,TESTED_INACTIVE,TESTED_INACTIVE,True,double_not_detected
UGT75D1,QAIPRVGONGVQAS,TESTED_INACTIVE,TESTED_INACTIVE,True,double_not_detected
UGT75D1,QANMHLXAZMSUEX,TESTED_INACTIVE,TESTED_INACTIVE,True,double_not_detected
UGT75D1,REFJWTPEDVJJIY,TESTED_INACTIVE,TESTED_INACTIVE,True,double_not_detected
UGT75D1,RODXRVNMMDRFIK,TESTED_ACTIVE,TESTED_ACTIVE,True,double_positive
UGT75D1,TZBJGXHYKVUXJN,TESTED_INACTIVE,TESTED_ACTIVE,True,m25_only
UGT75D1,XHEFDIBZLJXQHF,TESTED_INACTIVE,TESTED_INACTIVE,True,double_not_detected
UGT76E12,FXNFHKRTJBSTCS,TESTED_ACTIVE,TESTED_INACTIVE,True,y18_only
UGT76E12,ILEDWLMCKZNDJK,TESTED_ACTIVE,TESTED_INACTIVE,True,y18_only
UGT76E12,IXORZMNAPKEEDV,TESTED_INACTIVE,TESTED_INACTIVE,True,double_not_detected
UGT76E12,IYRMWMYZSQPJKC,TESTED_ACTIVE,TESTED_INACTIVE,True,y18_only
UGT76E12,KSEBMYQBYZTDHS,TESTED_INACTIVE,TESTED_INACTIVE,True,double_not_detected
UGT76E12,KZJWDPNRJALLNS,TESTED_INACTIVE,TESTED_ACTIVE,True,m25_only
UGT76E12,ORHBXUUXSCNDEV,TESTED_ACTIVE,TESTED_INACTIVE,True,y18_only
UGT76E12,PCMORTLOPMLEFB,TESTED_INACTIVE,TESTED_INACTIVE,True,double_not_detected
UGT76E12,PQEYTAGBXNEUQL,TESTED_INACTIVE,TESTED_INACTIVE,True,double_not_detected
UGT76E12,QAIPRVGONGVQAS,TESTED_ACTIVE,TESTED_INACTIVE,True,y18_only
UGT76E12,QANMHLXAZMSUEX,TESTED_INACTIVE,TESTED_INACTIVE,True,double_not_detected
UGT76E12,REFJWTPEDVJJIY,TESTED_ACTIVE,TESTED_INACTIVE,True,y18_only
UGT76E12,RODXRVNMMDRFIK,TESTED_ACTIVE,TESTED_INACTIVE,True,y18_only
UGT76E12,TZBJGXHYKVUXJN,TESTED_ACTIVE,TESTED_INACTIVE,True,y18_only
UGT76E12,XHEFDIBZLJXQHF,TESTED_ACTIVE,TESTED_INACTIVE,True,y18_only
UGT76E2,FXNFHKRTJBSTCS,TESTED_ACTIVE,TESTED_INACTIVE,True,y18_only
UGT76E2,ILEDWLMCKZNDJK,TESTED_ACTIVE,TESTED_INACTIVE,True,y18_only
UGT76E2,IXORZMNAPKEEDV,TESTED_INACTIVE,TESTED_INACTIVE,True,double_not_detected
UGT76E2,IYRMWMYZSQPJKC,TESTED_ACTIVE,TESTED_INACTIVE,True,y18_only
UGT76E2,KSEBMYQBYZTDHS,TESTED_INACTIVE,TESTED_INACTIVE,True,double_not_detected
UGT76E2,KZJWDPNRJALLNS,TESTED_INACTIVE,TESTED_INACTIVE,True,double_not_detected
UGT76E2,ORHBXUUXSCNDEV,TESTED_INACTIVE,TESTED_ACTIVE,True,m25_only
UGT76E2,PCMORTLOPMLEFB,TESTED_INACTIVE,TESTED_INACTIVE,True,double_not_detected
UGT76E2,PQEYTAGBXNEUQL,TESTED_INACTIVE,TESTED_INACTIVE,True,double_not_detected
UGT76E2,QAIPRVGONGVQAS,TESTED_INACTIVE,TESTED_INACTIVE,True,double_not_detected
UGT76E2,QANMHLXAZMSUEX,TESTED_INACTIVE,TESTED_INACTIVE,True,double_not_detected
UGT76E2,REFJWTPEDVJJIY,TESTED_INACTIVE,TESTED_INACTIVE,True,double_not_detected
UGT76E2,RODXRVNMMDRFIK,TESTED_ACTIVE,TESTED_INACTIVE,True,y18_only
UGT76E2,TZBJGXHYKVUXJN,TESTED_INACTIVE,TESTED_ACTIVE,True,m25_only
UGT76E2,XHEFDIBZLJXQHF,TESTED_ACTIVE,TESTED_INACTIVE,True,y18_only
UGT76E4,FXNFHKRTJBSTCS,TESTED_ACTIVE,TESTED_INACTIVE,True,y18_only
UGT76E4,ILEDWLMCKZNDJK,TESTED_ACTIVE,TESTED_ACTIVE,True,double_positive
UGT76E4,IXORZMNAPKEEDV,TESTED_INACTIVE,TESTED_INACTIVE,True,double_not_detected
UGT76E4,IYRMWMYZSQPJKC,TESTED_ACTIVE,TESTED_ACTIVE,True,double_positive
UGT76E4,KSEBMYQBYZTDHS,TESTED_INACTIVE,TESTED_INACTIVE,True,double_not_detected
UGT76E4,KZJWDPNRJALLNS,TESTED_INACTIVE,TESTED_INACTIVE,True,double_not_detected
UGT76E4,ORHBXUUXSCNDEV,TESTED_INACTIVE,TESTED_INACTIVE,True,double_not_detected
UGT76E4,PCMORTLOPMLEFB,TESTED_INACTIVE,TESTED_INACTIVE,True,double_not_detected
UGT76E4,PQEYTAGBXNEUQL,TESTED_INACTIVE,TESTED_INACTIVE,True,double_not_detected
UGT76E4,QAIPRVGONGVQAS,TESTED_INACTIVE,TESTED_INACTIVE,True,double_not_detected
UGT76E4,QANMHLXAZMSUEX,TESTED_INACTIVE,TESTED_INACTIVE,True,double_not_detected
UGT76E4,REFJWTPEDVJJIY,TESTED_INACTIVE,TESTED_INACTIVE,True,double_not_detected
UGT76E4,RODXRVNMMDRFIK,TESTED_ACTIVE,TESTED_INACTIVE,True,y18_only
UGT76E4,TZBJGXHYKVUXJN,TESTED_INACTIVE,TESTED_ACTIVE,True,m25_only
UGT76E4,XHEFDIBZLJXQHF,TESTED_ACTIVE,TESTED_ACTIVE,True,double_positive
UGT78D1,FXNFHKRTJBSTCS,TESTED_INACTIVE,TESTED_INACTIVE,True,double_not_detected
UGT78D1,ILEDWLMCKZNDJK,TESTED_INACTIVE,TESTED_ACTIVE,True,m25_only
UGT78D1,IXORZMNAPKEEDV,TESTED_INACTIVE,TESTED_INACTIVE,True,double_not_detected
UGT78D1,IYRMWMYZSQPJKC,TESTED_ACTIVE,TESTED_ACTIVE,True,double_positive
UGT78D1,KSEBMYQBYZTDHS,TESTED_INACTIVE,TESTED_INACTIVE,True,double_not_detected
UGT78D1,KZJWDPNRJALLNS,TESTED_INACTIVE,TESTED_ACTIVE,True,m25_only
UGT78D1,ORHBXUUXSCNDEV,TESTED_INACTIVE,TESTED_ACTIVE,True,m25_only
UGT78D1,PCMORTLOPMLEFB,TESTED_INACTIVE,TESTED_INACTIVE,True,double_not_detected
UGT78D1,PQEYTAGBXNEUQL,TESTED_INACTIVE,TESTED_INACTIVE,True,double_not_detected
UGT78D1,QAIPRVGONGVQAS,TESTED_INACTIVE,TESTED_INACTIVE,True,double_not_detected
UGT78D1,QANMHLXAZMSUEX,TESTED_INACTIVE,TESTED_INACTIVE,True,double_not_detected
UGT78D1,REFJWTPEDVJJIY,TESTED_ACTIVE,TESTED_INACTIVE,True,y18_only
UGT78D1,RODXRVNMMDRFIK,NOT_TESTED,TESTED_ACTIVE,False,not_comparable
UGT78D1,TZBJGXHYKVUXJN,TESTED_ACTIVE,TESTED_ACTIVE,True,double_positive
UGT78D1,XHEFDIBZLJXQHF,TESTED_ACTIVE,TESTED_ACTIVE,True,double_positive
UGT78D2,FXNFHKRTJBSTCS,TESTED_ACTIVE,TESTED_ACTIVE,True,double_positive
UGT78D2,ILEDWLMCKZNDJK,TESTED_ACTIVE,TESTED_ACTIVE,True,double_positive
UGT78D2,IXORZMNAPKEEDV,TESTED_INACTIVE,TESTED_INACTIVE,True,double_not_detected
UGT78D2,IYRMWMYZSQPJKC,TESTED_ACTIVE,TESTED_ACTIVE,True,double_positive
UGT78D2,KSEBMYQBYZTDHS,TESTED_INACTIVE,TESTED_INACTIVE,True,double_not_detected
UGT78D2,KZJWDPNRJALLNS,TESTED_INACTIVE,TESTED_INACTIVE,True,double_not_detected
UGT78D2,ORHBXUUXSCNDEV,TESTED_ACTIVE,TESTED_ACTIVE,True,double_positive
UGT78D2,PCMORTLOPMLEFB,TESTED_ACTIVE,TESTED_INACTIVE,True,y18_only
UGT78D2,PQEYTAGBXNEUQL,TESTED_INACTIVE,TESTED_INACTIVE,True,double_not_detected
UGT78D2,QAIPRVGONGVQAS,TESTED_ACTIVE,TESTED_INACTIVE,True,y18_only
UGT78D2,QANMHLXAZMSUEX,TESTED_INACTIVE,TESTED_INACTIVE,True,double_not_detected
UGT78D2,REFJWTPEDVJJIY,TESTED_ACTIVE,TESTED_ACTIVE,True,double_positive
UGT78D2,RODXRVNMMDRFIK,TESTED_ACTIVE,TESTED_ACTIVE,True,double_positive
UGT78D2,TZBJGXHYKVUXJN,TESTED_INACTIVE,TESTED_ACTIVE,True,m25_only
UGT78D2,XHEFDIBZLJXQHF,TESTED_ACTIVE,TESTED_INACTIVE,True,y18_only
UGT84A1,FXNFHKRTJBSTCS,TESTED_ACTIVE,TESTED_INACTIVE,True,y18_only
UGT84A1,ILEDWLMCKZNDJK,TESTED_ACTIVE,TESTED_INACTIVE,True,y18_only
UGT84A1,IXORZMNAPKEEDV,TESTED_INACTIVE,TESTED_INACTIVE,True,double_not_detected
UGT84A1,IYRMWMYZSQPJKC,TESTED_ACTIVE,TESTED_ACTIVE,True,double_positive
UGT84A1,KSEBMYQBYZTDHS,TESTED_ACTIVE,TESTED_INACTIVE,True,y18_only
UGT84A1,KZJWDPNRJALLNS,NOT_TESTED,TESTED_INACTIVE,False,not_comparable
UGT84A1,ORHBXUUXSCNDEV,TESTED_ACTIVE,TESTED_INACTIVE,True,y18_only
UGT84A1,PCMORTLOPMLEFB,TESTED_ACTIVE,TESTED_INACTIVE,True,y18_only
UGT84A1,PQEYTAGBXNEUQL,TESTED_ACTIVE,TESTED_INACTIVE,True,y18_only
UGT84A1,QAIPRVGONGVQAS,TESTED_ACTIVE,TESTED_INACTIVE,True,y18_only
UGT84A1,QANMHLXAZMSUEX,TESTED_INACTIVE,TESTED_INACTIVE,True,double_not_detected
UGT84A1,REFJWTPEDVJJIY,TESTED_ACTIVE,TESTED_INACTIVE,True,y18_only
UGT84A1,RODXRVNMMDRFIK,TESTED_ACTIVE,TESTED_INACTIVE,True,y18_only
UGT84A1,TZBJGXHYKVUXJN,TESTED_ACTIVE,TESTED_ACTIVE,True,double_positive
UGT84A1,XHEFDIBZLJXQHF,TESTED_ACTIVE,TESTED_INACTIVE,True,y18_only
UGT84A2,FXNFHKRTJBSTCS,TESTED_ACTIVE,TESTED_INACTIVE,True,y18_only
UGT84A2,ILEDWLMCKZNDJK,TESTED_ACTIVE,TESTED_ACTIVE,True,double_positive
UGT84A2,IXORZMNAPKEEDV,TESTED_INACTIVE,TESTED_INACTIVE,True,double_not_detected
UGT84A2,IYRMWMYZSQPJKC,TESTED_ACTIVE,TESTED_INACTIVE,True,y18_only
UGT84A2,KSEBMYQBYZTDHS,TESTED_ACTIVE,TESTED_INACTIVE,True,y18_only
UGT84A2,KZJWDPNRJALLNS,NOT_TESTED,TESTED_INACTIVE,False,not_comparable
UGT84A2,ORHBXUUXSCNDEV,TESTED_ACTIVE,TESTED_ACTIVE,True,double_positive
UGT84A2,PCMORTLOPMLEFB,TESTED_ACTIVE,TESTED_INACTIVE,True,y18_only
UGT84A2,PQEYTAGBXNEUQL,TESTED_ACTIVE,TESTED_INACTIVE,True,y18_only
UGT84A2,QAIPRVGONGVQAS,TESTED_ACTIVE,TESTED_INACTIVE,True,y18_only
UGT84A2,QANMHLXAZMSUEX,TESTED_INACTIVE,TESTED_INACTIVE,True,double_not_detected
UGT84A2,REFJWTPEDVJJIY,TESTED_ACTIVE,TESTED_ACTIVE,True,double_positive
UGT84A2,RODXRVNMMDRFIK,TESTED_ACTIVE,TESTED_INACTIVE,True,y18_only
UGT84A2,TZBJGXHYKVUXJN,TESTED_ACTIVE,TESTED_ACTIVE,True,double_positive
UGT84A2,XHEFDIBZLJXQHF,TESTED_ACTIVE,TESTED_INACTIVE,True,y18_only
UGT84A3,FXNFHKRTJBSTCS,TESTED_ACTIVE,TESTED_ACTIVE,True,double_positive
UGT84A3,ILEDWLMCKZNDJK,TESTED_ACTIVE,TESTED_ACTIVE,True,double_positive
UGT84A3,IXORZMNAPKEEDV,TESTED_INACTIVE,TESTED_INACTIVE,True,double_not_detected
UGT84A3,IYRMWMYZSQPJKC,TESTED_ACTIVE,TESTED_INACTIVE,True,y18_only
UGT84A3,KSEBMYQBYZTDHS,TESTED_ACTIVE,TESTED_INACTIVE,True,y18_only
UGT84A3,KZJWDPNRJALLNS,TESTED_INACTIVE,TESTED_INACTIVE,True,double_not_detected
UGT84A3,ORHBXUUXSCNDEV,TESTED_ACTIVE,TESTED_ACTIVE,True,double_positive
UGT84A3,PCMORTLOPMLEFB,TESTED_ACTIVE,TESTED_INACTIVE,True,y18_only
UGT84A3,PQEYTAGBXNEUQL,TESTED_INACTIVE,TESTED_INACTIVE,True,double_not_detected
UGT84A3,QAIPRVGONGVQAS,TESTED_ACTIVE,TESTED_INACTIVE,True,y18_only
UGT84A3,QANMHLXAZMSUEX,TESTED_INACTIVE,TESTED_INACTIVE,True,double_not_detected
UGT84A3,REFJWTPEDVJJIY,TESTED_ACTIVE,TESTED_ACTIVE,True,double_positive
UGT84A3,RODXRVNMMDRFIK,TESTED_ACTIVE,TESTED_ACTIVE,True,double_positive
UGT84A3,TZBJGXHYKVUXJN,TESTED_ACTIVE,TESTED_ACTIVE,True,double_positive
UGT84A3,XHEFDIBZLJXQHF,TESTED_ACTIVE,TESTED_INACTIVE,True,y18_only
UGT84A4,FXNFHKRTJBSTCS,TESTED_ACTIVE,TESTED_ACTIVE,True,double_positive
UGT84A4,ILEDWLMCKZNDJK,TESTED_ACTIVE,TESTED_INACTIVE,True,y18_only
UGT84A4,IXORZMNAPKEEDV,TESTED_INACTIVE,TESTED_INACTIVE,True,double_not_detected
UGT84A4,IYRMWMYZSQPJKC,TESTED_ACTIVE,TESTED_ACTIVE,True,double_positive
UGT84A4,KSEBMYQBYZTDHS,TESTED_ACTIVE,TESTED_INACTIVE,True,y18_only
UGT84A4,KZJWDPNRJALLNS,NOT_TESTED,TESTED_INACTIVE,False,not_comparable
UGT84A4,ORHBXUUXSCNDEV,TESTED_INACTIVE,TESTED_INACTIVE,True,double_not_detected
UGT84A4,PCMORTLOPMLEFB,TESTED_ACTIVE,TESTED_INACTIVE,True,y18_only
UGT84A4,PQEYTAGBXNEUQL,TESTED_INACTIVE,TESTED_INACTIVE,True,double_not_detected
UGT84A4,QAIPRVGONGVQAS,TESTED_ACTIVE,TESTED_INACTIVE,True,y18_only
UGT84A4,QANMHLXAZMSUEX,TESTED_INACTIVE,TESTED_INACTIVE,True,double_not_detected
UGT84A4,REFJWTPEDVJJIY,TESTED_ACTIVE,TESTED_ACTIVE,True,double_positive
UGT84A4,RODXRVNMMDRFIK,TESTED_ACTIVE,TESTED_INACTIVE,True,y18_only
UGT84A4,TZBJGXHYKVUXJN,TESTED_ACTIVE,TESTED_ACTIVE,True,double_positive
UGT84A4,XHEFDIBZLJXQHF,TESTED_INACTIVE,TESTED_INACTIVE,True,double_not_detected
UGT84B2,FXNFHKRTJBSTCS,TESTED_INACTIVE,TESTED_INACTIVE,True,double_not_detected
UGT84B2,ILEDWLMCKZNDJK,TESTED_ACTIVE,TESTED_ACTIVE,True,double_positive
UGT84B2,IXORZMNAPKEEDV,TESTED_INACTIVE,TESTED_INACTIVE,True,double_not_detected
UGT84B2,IYRMWMYZSQPJKC,TESTED_ACTIVE,TESTED_INACTIVE,True,y18_only
UGT84B2,KSEBMYQBYZTDHS,TESTED_INACTIVE,TESTED_INACTIVE,True,double_not_detected
UGT84B2,KZJWDPNRJALLNS,TESTED_INACTIVE,TESTED_INACTIVE,True,double_not_detected
UGT84B2,ORHBXUUXSCNDEV,TESTED_ACTIVE,TESTED_INACTIVE,True,y18_only
UGT84B2,PCMORTLOPMLEFB,TESTED_ACTIVE,TESTED_INACTIVE,True,y18_only
UGT84B2,PQEYTAGBXNEUQL,TESTED_INACTIVE,TESTED_INACTIVE,True,double_not_detected
UGT84B2,QAIPRVGONGVQAS,TESTED_INACTIVE,TESTED_INACTIVE,True,double_not_detected
UGT84B2,QANMHLXAZMSUEX,TESTED_INACTIVE,TESTED_INACTIVE,True,double_not_detected
UGT84B2,REFJWTPEDVJJIY,TESTED_INACTIVE,TESTED_INACTIVE,True,double_not_detected
UGT84B2,RODXRVNMMDRFIK,TESTED_ACTIVE,TESTED_INACTIVE,True,y18_only
UGT84B2,TZBJGXHYKVUXJN,TESTED_INACTIVE,TESTED_INACTIVE,True,double_not_detected
UGT84B2,XHEFDIBZLJXQHF,TESTED_INACTIVE,TESTED_INACTIVE,True,double_not_detected
UGT85A4,FXNFHKRTJBSTCS,TESTED_ACTIVE,TESTED_INACTIVE,True,y18_only
UGT85A4,ILEDWLMCKZNDJK,TESTED_INACTIVE,TESTED_ACTIVE,True,m25_only
UGT85A4,IXORZMNAPKEEDV,TESTED_INACTIVE,TESTED_INACTIVE,True,double_not_detected
UGT85A4,IYRMWMYZSQPJKC,TESTED_ACTIVE,TESTED_INACTIVE,True,y18_only
UGT85A4,KSEBMYQBYZTDHS,TESTED_INACTIVE,TESTED_INACTIVE,True,double_not_detected
UGT85A4,KZJWDPNRJALLNS,TESTED_INACTIVE,TESTED_INACTIVE,True,double_not_detected
UGT85A4,ORHBXUUXSCNDEV,TESTED_INACTIVE,TESTED_INACTIVE,True,double_not_detected
UGT85A4,PCMORTLOPMLEFB,TESTED_INACTIVE,TESTED_INACTIVE,True,double_not_detected
UGT85A4,PQEYTAGBXNEUQL,TESTED_INACTIVE,TESTED_INACTIVE,True,double_not_detected
UGT85A4,QAIPRVGONGVQAS,TESTED_INACTIVE,TESTED_INACTIVE,True,double_not_detected
UGT85A4,QANMHLXAZMSUEX,TESTED_INACTIVE,TESTED_INACTIVE,True,double_not_detected
UGT85A4,REFJWTPEDVJJIY,TESTED_INACTIVE,TESTED_ACTIVE,True,m25_only
UGT85A4,RODXRVNMMDRFIK,TESTED_INACTIVE,TESTED_ACTIVE,True,m25_only
UGT85A4,TZBJGXHYKVUXJN,TESTED_INACTIVE,TESTED_ACTIVE,True,m25_only
UGT85A4,XHEFDIBZLJXQHF,TESTED_ACTIVE,TESTED_ACTIVE,True,double_positive
UGT89B1,FXNFHKRTJBSTCS,TESTED_INACTIVE,TESTED_INACTIVE,True,double_not_detected
UGT89B1,ILEDWLMCKZNDJK,TESTED_ACTIVE,TESTED_INACTIVE,True,y18_only
UGT89B1,IXORZMNAPKEEDV,TESTED_INACTIVE,TESTED_INACTIVE,True,double_not_detected
UGT89B1,IYRMWMYZSQPJKC,TESTED_ACTIVE,TESTED_INACTIVE,True,y18_only
UGT89B1,KSEBMYQBYZTDHS,TESTED_INACTIVE,TESTED_INACTIVE,True,double_not_detected
UGT89B1,KZJWDPNRJALLNS,TESTED_INACTIVE,TESTED_INACTIVE,True,double_not_detected
UGT89B1,ORHBXUUXSCNDEV,TESTED_INACTIVE,TESTED_INACTIVE,True,double_not_detected
UGT89B1,PCMORTLOPMLEFB,TESTED_INACTIVE,TESTED_INACTIVE,True,double_not_detected
UGT89B1,PQEYTAGBXNEUQL,TESTED_INACTIVE,TESTED_INACTIVE,True,double_not_detected
UGT89B1,QAIPRVGONGVQAS,TESTED_ACTIVE,TESTED_INACTIVE,True,y18_only
UGT89B1,QANMHLXAZMSUEX,TESTED_INACTIVE,TESTED_INACTIVE,True,double_not_detected
UGT89B1,REFJWTPEDVJJIY,TESTED_INACTIVE,TESTED_INACTIVE,True,double_not_detected
UGT89B1,RODXRVNMMDRFIK,TESTED_ACTIVE,TESTED_INACTIVE,True,y18_only
UGT89B1,TZBJGXHYKVUXJN,TESTED_INACTIVE,TESTED_INACTIVE,True,double_not_detected
UGT89B1,XHEFDIBZLJXQHF,TESTED_ACTIVE,TESTED_INACTIVE,True,y18_only
